12/01/2022,28.99,28.99,28.62,28.7,178353
12/02/2022,28.47,28.67,28.41,28.61,12578
12/05/2022,28.4975,28.51,28.0468,28.16,21561
12/06/2022,28.05,28.15,27.6253,27.73,34691
12/07/2022,27.56,27.72,27.56,27.57,161282
12/08/2022,27.86,27.905,27.665,27.77,18860
12/09/2022,27.8,27.9189,27.69,27.69,12154
12/12/2022,27.67,27.99,27.6,27.99,27995
12/13/2022,28.92,28.92,28.1562,28.31,12055
12/14/2022,28.19,28.48,27.96,28.1525,49644
12/15/2022,27.68,27.68,27.27,27.45,20536
12/16/2022,27.37,27.3878,27.1317,27.27,13332
12/19/2022,27.28,27.305,26.96,27.08,13066
12/20/2022,27.15,27.26,27.021,27.09,25017
12/21/2022,27.22,27.5705,27.22,27.48,49643
12/22/2022,27.11,27.13,26.7779,27.11,29503
12/23/2022,27.03,27.4,27.03,27.36,12573
12/27/2022,27.2801,27.53,27.2801,27.4031,25632
12/28/2022,27.01,27.11,26.7,26.72,24054
12/29/2022,27.13,27.28,27.08,27.245,29748
12/30/2022,26.94,27.2,26.94,27.17,45002
01/03/2023,27.34,27.72,27.23,27.42,53549
01/04/2023,27.83,28.09,27.7,28,18795
01/05/2023,27.64,27.8005,27.58,27.69,41918
01/06/2023,27.87,28.34,27.63,28.25,20820
01/09/2023,28.47,28.6267,28.27,28.27,21979
01/10/2023,28.31,28.42,28.24,28.39,6959
01/11/2023,28.554,28.88,28.53,28.88,9108
01/12/2023,28.83,29.08,28.79,28.9307,7451
01/13/2023,28.68,29.27,28.68,29.22,20412
01/17/2023,29.01,29.1415,28.94,29.01,14954
01/18/2023,29.0521,29.1261,28.53,28.53,7378
01/19/2023,28.2618,28.5899,28.2618,28.42,9210
01/20/2023,28.56,29.09,28.56,29.07,8220
01/23/2023,29.17,29.57,29.09,29.5,11399
01/24/2023,29.15,29.59,29.1354,29.43,25848
01/25/2023,29.13,29.73,29.13,29.73,8641
01/26/2023,30.03,30.03,29.775,30.02,7505
01/27/2023,29.95,30.28,29.95,30.15,8453
01/30/2023,29.91,30.022,29.75,29.75,14620
01/31/2023,29.82,30.22,29.82,30.22,12450
02/01/2023,30.06,30.535,29.99,30.43,8437
02/02/2023,30.92,31.31,30.871,31.22,18492
02/03/2023,30.61,31.2,30.61,30.81,15825
02/06/2023,30.46,30.6,30.36,30.493,17219
02/07/2023,30.5425,31.11,30.4945,30.99,10643
02/08/2023,30.7,30.7,30.41,30.41,5033
02/09/2023,30.64,30.6899,30.05,30.12,14196
02/10/2023,29.96,30.0481,29.89,29.96,15073
02/13/2023,29.98,30.3538,29.98,30.34,3740
02/14/2023,30.1101,30.38,30.0429,30.25,5962
02/15/2023,30.05,30.25,30.02,30.23,18156
02/16/2023,29.96,30.19,29.93,29.93,7704
02/17/2023,29.7,29.88,29.61,29.8,11283
02/21/2023,29.51,29.64,29.121,29.16,5175
02/22/2023,29.23,29.2651,29,29.04,9292
02/23/2023,29.3,29.338,28.8384,29.17,4334
02/24/2023,28.69,28.9332,28.54,28.86,7292
02/27/2023,29.19,29.25,28.8701,28.93,24455
02/28/2023,29.0537,29.2696,29.0537,29.1456,11952
03/01/2023,29.1329,29.2543,29.03,29.12,14633
03/02/2023,28.82,29.1599,28.78,29.08,5950
03/03/2023,29.22,29.67,29.22,29.6,16614
03/06/2023,29.8899,29.8899,29.57,29.57,40546
03/07/2023,29.47,29.48,28.88,28.9434,14451
03/08/2023,28.89,29.0281,28.7793,28.88,4101
03/09/2023,28.87,28.88,27.94,28.06,26417
03/10/2023,27.6183,28.2499,27.6183,27.71,17249
03/13/2023,27.19,27.5247,26.9493,27.18,19769
03/14/2023,27.77,27.9262,27.57,27.82,8132
03/15/2023,27.14,27.3664,27.02,27.2873,8015
03/16/2023,27.1849,27.9559,27.1849,27.9559,10149
03/17/2023,27.66,27.76,27.29,27.2953,10552
03/20/2023,27.4358,27.595,27.3746,27.5048,15544
03/21/2023,27.99,28.1686,27.9313,28.1686,10127
03/22/2023,28.12,28.1468,27.66,27.66,25103
03/23/2023,27.9205,28.12,27.7042,27.7042,3505
03/24/2023,27.37,27.68,27.31,27.63,10981
03/27/2023,27.88,27.88,27.6101,27.66,5897
03/28/2023,27.605,27.69,27.4,27.6404,14680
03/29/2023,27.88,28.09,27.88,28.08,7555
03/30/2023,28.245,28.2908,27.97,28.15,10081
03/31/2023,28.18,28.5462,28.18,28.43,16162
04/03/2023,28.65,28.76,28.4266,28.68,23609
04/04/2023,28.68,28.7394,28.34,28.55,13506
04/05/2023,28.39,28.53,28.01,28.4247,13159
04/06/2023,28.34,28.7524,28.34,28.71,12776
04/10/2023,28.61,28.71,28.47,28.71,5262
04/11/2023,28.7554,28.97,28.7554,28.8256,13786
04/12/2023,28.93,28.93,28.5638,28.5638,12149
04/13/2023,28.78,29.04,28.78,28.9903,24078
04/14/2023,29.11,29.24,28.2701,29.1037,16854
04/17/2023,29.04,29.2981,28.94,29.29,31004
04/18/2023,29.39,29.39,29.13,29.3368,20547
04/19/2023,29.18,29.37,29.03,29.3384,14508
04/20/2023,29.1,29.268,28.52,29.15,16474
04/21/2023,29.11,29.11,28.8984,29,17854
04/24/2023,29.02,29.0383,28.82,28.9413,11061
04/25/2023,28.71,28.72,28.4021,28.4021,9032
04/26/2023,28.29,29.25,28.28,28.3,43980
04/27/2023,28.84,29.295,28.84,29.215,6241
04/28/2023,29.07,29.47,29.07,29.43,14825
05/01/2023,29.37,29.57,29.2,29.24,31601
05/02/2023,29.08,29.08,28.5601,28.79,23337
05/03/2023,28.77,28.91,28.46,28.48,13855
05/04/2023,28.45,28.45,28.14,28.2716,10747
05/05/2023,28.642,28.809,28.6217,28.74,4195
05/08/2023,28.82,29.02,28.82,28.9543,5954
05/09/2023,28.77,28.95,28.77,28.8675,9623
05/10/2023,28.8943,28.8943,28.56,28.8161,13743
05/11/2023,28.7201,28.86,28.6504,28.8149,6032
05/12/2023,28.82,28.82,28.48,28.578,2904
05/15/2023,28.89,29.1,28.89,29.0651,10461
05/16/2023,29.16,29.16,28.99,29.0132,26008
05/17/2023,29.03,29.54,29.03,29.51,24404
05/18/2023,29.1628,29.8309,29.1628,29.76,9598
05/19/2023,29.85,29.96,29.58,29.67,64042
05/22/2023,29.66,29.97,29.66,29.8978,9391
05/23/2023,29.64,29.99,29.64,29.6487,5796
05/24/2023,29.44,29.49,29.325,29.325,7143
05/25/2023,29.42,29.45,29.3,29.4291,12915
05/26/2023,29.41,29.9823,29.41,29.91,9057
05/30/2023,30,30.02,29.8981,29.976,13964
05/31/2023,29.69,29.84,29.62,29.84,11875
06/01/2023,29.89,30.3498,29.89,30.34,114393
06/02/2023,30.57,30.99,30.57,30.85,14241
06/05/2023,30.81,30.88,30.6687,30.7188,10071
06/06/2023,30.82,31.2101,30.82,31.14,8629
06/07/2023,31.28,31.28,31.0823,31.0823,22798
06/08/2023,31.09,31.2,30.9768,31.18,8117
06/09/2023,31.225,31.2333,31.09,31.1,4143
06/12/2023,31.18,31.3284,31.1367,31.3154,6394
06/13/2023,31.56,31.6602,31.551,31.62,12873
06/14/2023,31.54,31.7515,31.38,31.54,7131
06/15/2023,31.395,31.995,31.395,31.8982,14158
06/16/2023,32.01,32.0394,31.7883,31.7883,12551
06/20/2023,31.3599,31.708,31.3599,31.63,10197
06/21/2023,31.5,31.6247,31.4767,31.5032,17523
06/22/2023,31.39,31.51,31.37,31.4825,14207
06/23/2023,31.1,31.42,31.1,31.311,4408
06/26/2023,31.3921,31.3921,31.2106,31.2106,2808
06/27/2023,31.3,31.6813,31.3,31.6571,5003
06/28/2023,31.4601,31.54,31.4015,31.52,26021
06/29/2023,31.5,31.72,31.5,31.6715,6179
06/30/2023,32.04,32.0905,31.95,32.042,7038
07/03/2023,32.02,32.131,32.02,32.131,2726
07/05/2023,32.06,32.2,31.92,32.1,11875
07/06/2023,31.92,31.92,31.53,31.668,14877
07/07/2023,31.84,32.0481,31.7207,31.7784,10040
07/10/2023,31.84,31.9208,31.8027,31.8211,8177
07/11/2023,32.025,32.3,32.025,32.2543,7272
07/12/2023,32.62,32.7863,32.55,32.6193,16310
07/13/2023,32.9264,33.0584,32.9264,33.0399,7169
07/14/2023,33.16,33.16,32.76,32.76,9447
07/17/2023,32.88,33.09,32.8689,33.017,7811
07/18/2023,32.57,33.29,32.57,33.2446,13485
07/19/2023,33.36,33.56,33.35,33.56,8954
07/20/2023,33.3776,33.3776,33.0642,33.0642,9210
07/21/2023,33.2035,33.2035,32.924,32.9443,10007
07/24/2023,33.01,33.2017,32.9535,33.0905,13812
07/25/2023,33.06,33.13,33.0073,33.0073,5194
07/26/2023,33.09,33.4065,33.09,33.28,8491
07/27/2023,33.8055,33.88,33.38,33.38,19117
07/28/2023,33.8,34.088,33.75,34.0248,8234
07/31/2023,33.99,34.12,33.9863,34.08,12555
08/01/2023,33.88,33.95,33.795,33.923,12798
08/02/2023,33.4137,33.4664,33.25,33.43,13034
08/03/2023,33.32,33.54,33.229,33.48,10014
08/04/2023,33.8,34.02,33.51,33.55,10944
08/07/2023,33.95,34.1301,33.93,34.1301,3364
08/08/2023,33.71,33.9398,33.44,33.87,4476
08/09/2023,33.94,33.94,33.5312,33.5312,10985
08/10/2023,33.85,34.0973,33.43,33.5325,12826
08/11/2023,33.2599,33.43,33.25,33.3611,7738
08/14/2023,33.33,33.425,33.2,33.4,8286
08/15/2023,33.445,33.79,32.825,32.8898,7358
08/16/2023,32.73,32.84,32.5114,32.5114,4601
08/17/2023,32.51,32.52,32.195,32.2634,3562
08/18/2023,32.07,32.28,32.07,32.23,7680
08/21/2023,32.21,32.44,32.1415,32.3651,7246
08/22/2023,32.33,32.33,32.0711,32.0711,6016
08/23/2023,32.14,32.4021,32.14,32.37,23035
08/24/2023,32.4,32.605,32.07,32.07,83325
08/25/2023,32.18,32.72,31.6713,32.0619,8703
08/28/2023,32.34,32.48,32.2335,32.327,3378
08/29/2023,32.4,32.8,32.4,32.8,19994
08/30/2023,32.72,32.86,32.6801,32.728,9995
08/31/2023,32.84,32.945,32.7225,32.7225,10932
09/01/2023,32.86,33.12,32.86,33.0199,5651
09/05/2023,33.05,33.05,32.77,32.7907,7692
09/06/2023,32.8236,32.8236,32.4,32.5655,50742
09/07/2023,32.4799,32.6,32.4433,32.54,36723
09/08/2023,32.55,32.6899,32.45,32.5568,25424
09/11/2023,32.96,32.96,32.791,32.8684,8281
09/12/2023,32.74,33.0399,32.74,32.8831,11310
09/13/2023,32.84,32.96,32.7696,32.8198,68530
09/14/2023,33.18,33.26,33.07,33.2,70006
09/15/2023,33.05,33.1052,32.84,32.877,7843
09/18/2023,32.77,32.9,32.77,32.8376,6732
09/19/2023,32.5875,32.71,32.5817,32.6929,2626
09/20/2023,32.795,32.8486,32.395,32.41,14303
09/21/2023,32.04,32.1011,31.7601,31.8405,5732
09/22/2023,31.88,31.9912,31.7209,31.7521,13098
09/25/2023,31.55,31.92,31.55,31.9069,3424
09/26/2023,31.71,31.71,31.4295,31.475,11152
09/27/2023,31.49,31.54,31.2299,31.4399,8268
09/28/2023,31.5187,31.8505,31.44,31.7505,10072
09/29/2023,31.88,31.9738,31.56,31.58,13478
10/02/2023,31.64,31.72,31.3826,31.46,6448
10/03/2023,31.35,31.35,30.771,30.8578,6196
10/04/2023,30.84,31.1237,30.82,31.1,11227
10/05/2023,31.0181,31.18,30.8976,31.1235,7568
10/06/2023,31.0222,31.6724,30.96,31.5819,38908
10/09/2023,31.3,31.59,31.3,31.5866,14979
10/10/2023,31.62,32.1099,31.62,31.88,11701
10/11/2023,32.07,32.2182,31.8801,32.165,16660
10/12/2023,32.03,32.1,31.72,31.8814,25045
10/13/2023,32.12,32.12,30.7501,31.621,25350
10/16/2023,31.83,32.1399,31.82,32.0958,12685
10/17/2023,31.89,32.3363,31.52,32.2099,29190
10/18/2023,32.09,32.14,31.67,31.7133,29140
10/19/2023,31.71,31.83,31.32,31.4134,14208
10/20/2023,31.29,31.29,30.8876,30.8876,17487
10/23/2023,30.6378,31.21,30.6378,30.8703,14604
10/24/2023,30.92,31.1299,30.8658,30.96,22442
10/25/2023,30.66,30.66,30.15,30.1802,16385
10/26/2023,30.05,30.4196,30,30.18,18160
10/27/2023,30.61,30.7499,30.37,30.4,17992
10/30/2023,30.55,31.0083,30.55,30.9457,7177
10/31/2023,30.9099,31.11,30.86,31.1089,25671
11/01/2023,31.17,31.4901,31.125,31.4655,18513
11/02/2023,31.77,31.79,31.54,31.79,62268
11/03/2023,32.28,32.4408,32.245,32.3025,17134
11/06/2023,32.4,32.4,32.0703,32.2,34141
11/07/2023,32.23,32.2981,32.14,32.1606,102038
11/08/2023,32.1452,32.27,32.1005,32.25,13442
11/09/2023,32.46,32.5546,32,32.0157,14381
11/10/2023,32.18,32.53,32.08,32.5198,19132
11/13/2023,32.31,32.57,32.2951,32.42,23927
11/14/2023,32.95,33.2806,32.95,33.1334,19648
11/15/2023,33.28,33.6275,33.2239,33.236,42094
11/16/2023,33.2,33.3275,33.1,33.3,47858
11/17/2023,33.22,33.5,33.22,33.4661,14154
11/20/2023,33.52,33.74,33.52,33.68,21467
11/21/2023,33.66,33.66,33.4212,33.4529,14036
11/22/2023,33.67,33.7857,33.6241,33.7023,39999
11/24/2023,33.76,33.7697,33.66,33.6943,21918
11/27/2023,33.66,33.7095,33.57,33.67,22658
11/28/2023,33.5164,34,33.5164,33.68,18604
11/29/2023,33.83,33.9681,33.51,33.5702,30565
11/30/2023,33.54,33.6899,33.4901,33.6899,13241
12/01/2023,33.64,34.0213,33.64,33.9699,23524
12/04/2023,33.62,33.78,33.595,33.78,14858
12/05/2023,33.6,33.68,33.5027,33.62,11376
12/06/2023,33.885,34.1,33.3276,33.3602,20411
12/07/2023,33.57,33.845,33.11,33.8,8656
12/08/2023,33.71,34.28,33.485,34.1791,15238
12/11/2023,34.38,34.58,34.29,34.52,10252
12/12/2023,34.56,34.79,34.5,34.7583,36590
12/13/2023,34.88,35.2365,34.65,35.213,156273
12/14/2023,35.73,35.7827,35.53,35.77,19876
12/15/2023,35.65,35.81,35.6136,35.7,15560
12/18/2023,35.91,36.0199,35.8291,35.9,9809
12/19/2023,36.07,36.26,36.06,36.21,29893
12/20/2023,36.32,36.36,35.74,35.74,25910
12/21/2023,36.14,36.15,35.88,36.13,30997
12/22/2023,36.3405,36.3884,36.06,36.14,10071
12/26/2023,36.2,36.82,36.2,36.37,10143
12/27/2023,36.15,36.15,35.0901,35.27,45833
12/28/2023,35.19,35.56,35.19,35.34,19752
12/29/2023,35.56,35.82,35.11,35.26,173066
01/02/2024,35.15,35.32,34.95,35.32,50647
01/03/2024,35.12,35.14,34.92,34.92,20397
01/04/2024,34.86,35.0999,34.86,34.95,16697
01/05/2024,35.17,35.5049,35.17,35.31,20517
01/08/2024,35.36,35.58,35.2978,35.58,19689
01/09/2024,35.46,35.52,35.34,35.5,13830
01/10/2024,35.47,35.5941,35.2601,35.44,12663
01/11/2024,35.5,35.55,35.1255,35.42,9192
01/12/2024,35.64,35.64,35.19,35.2,16810
01/16/2024,35.14,35.29,34.875,35.04,104162
01/17/2024,34.78,34.9,34.6401,34.77,35426
01/18/2024,34.81,35.05,34.7151,35.03,34924
01/19/2024,35.17,35.72,35.0975,35.66,28007
01/22/2024,35.88,35.97,35.6367,35.77,9803
01/23/2024,35.8,35.91,35.71,35.91,14709
01/24/2024,36.08,36.3881,36.08,36.16,24959
01/25/2024,36.3,36.5099,36.26,36.3945,22112
01/26/2024,36.41,36.6593,36.41,36.59,24483
01/29/2024,36.6,36.81,36.54,36.81,19878
01/30/2024,36.73,36.8683,36.68,36.77,36659
01/31/2024,36.53,36.69,36.16,36.18,28284
02/01/2024,36.16,36.3028,35.81,36.22,32722
02/02/2024,36.94,37.7078,36.75,37.58,57531
02/05/2024,37.39,37.4725,37.0801,37.21,32755
02/06/2024,37.3,37.5,37.15,37.18,9473
02/07/2024,37.26,37.7,37.26,37.51,48762
02/08/2024,37.58,37.67,37.3894,37.63,43597
02/09/2024,37.82,37.9952,37.53,37.76,33241
02/12/2024,37.87,38.22,37.86,37.96,49386
02/13/2024,37.38,37.52,37.1442,37.33,12758
02/14/2024,37.59,37.7043,37.3581,37.64,16011
02/15/2024,37.82,38.3187,37.82,38.23,18362
02/16/2024,38.19,38.3555,37.96,38.1711,54599
02/20/2024,37.79,38.127,37.79,37.97,18002
02/21/2024,38.04,38.14,37.8401,38.09,20907
02/22/2024,38.53,38.77,38.42,38.63,18351
02/23/2024,38.72,38.9452,38.68,38.72,14123
02/26/2024,38.83,38.9111,38.39,38.39,25929
02/27/2024,38.38,38.7487,38.38,38.55,23582
02/28/2024,38.56,38.5813,38.32,38.32,10002
02/29/2024,38.48,38.69,38.2501,38.69,12950
03/01/2024,38.63,38.9896,38.5,38.82,16125
03/04/2024,38.91,39,38.8077,38.9,18683
03/05/2024,38.645,38.81,38.4511,38.55,10541
03/06/2024,38.84,38.88,38.64,38.76,19813
03/07/2024,38.98,39.27,38.98,39.16,45180
03/08/2024,39.36,39.41,38.9805,39.03,18210
03/11/2024,38.84,38.88,38.54,38.84,11341
03/12/2024,39.06,39.3545,38.83,39.17,7313
03/13/2024,39.13,39.5087,39.13,39.32,29461
03/14/2024,39.4,39.4,38.88,39.03,6963
03/15/2024,39.01,39.095,38.83,38.83,16917
03/18/2024,39.1,39.2588,39.072,39.16,9104
03/19/2024,39.44,39.44,38.9778,39.16,18957
03/20/2024,39.215,39.815,39.2017,39.64,29014
03/21/2024,40.1,40.2177,39.95,39.99,22871
03/22/2024,40.05,40.1257,39.78,39.78,11401
03/25/2024,39.83,39.9295,39.7,39.7,18870
03/26/2024,39.7296,39.9099,39.56,39.56,12831
03/27/2024,39.74,40.2384,39.74,40.06,61382
03/28/2024,40.21,40.53,40.17,40.37,35174
04/01/2024,40.52,40.59,40.28,40.46,118110
04/02/2024,39.95,39.99,39.8,39.9396,26251
04/03/2024,40.02,40.1976,39.93,40.13,58254
04/04/2024,40.45,40.59,39.7405,39.75,44300
04/05/2024,39.77,40.31,39.77,40.2424,49407
04/08/2024,40.325,40.43,40.21,40.2299,20452
04/09/2024,40.37,40.4375,39.915,40.27,11325
04/10/2024,39.71,39.9799,39.65,39.8493,19766
04/11/2024,39.9,39.94,39.48,39.77,11159
04/12/2024,39.41,39.54,39.06,39.21,36057
04/15/2024,39.7209,39.7209,38.8405,38.98,45935
04/16/2024,38.91,39.09,38.6707,38.75,95052
04/17/2024,38.78,38.9,38.423,38.6035,16504
04/18/2024,38.7,39.25,38.69,38.81,42186
04/19/2024,38.75,38.995,38.7,38.85,21356
04/22/2024,39.28,39.4485,38.9,39.22,22370
04/23/2024,39.49,39.6701,39.37,39.62,75188
04/24/2024,39.75,39.77,39.215,39.54,17569
04/25/2024,38.6,38.8383,38.4,38.78,32593
04/26/2024,39.04,39.17,38.882,39.09,19184
04/29/2024,39.06,39.17,38.92,39.06,13508
04/30/2024,38.86,39.05,38.41,38.42,15185
05/01/2024,38.5532,39.1002,38.497,38.6,10647
05/02/2024,38.9,39.09,38.7476,38.9626,83822
05/03/2024,39.38,39.38,39.0803,39.25,18651
05/06/2024,39.54,39.715,39.45,39.69,8812
05/07/2024,39.85,40.14,39.675,39.77,20152
05/08/2024,39.52,39.83,39.52,39.8,13716
05/09/2024,39.8,40.04,39.79,40,6550
05/10/2024,40.1207,40.21,40,40.11,14066
05/13/2024,40.2,40.2,39.9201,40.0239,52397
05/14/2024,40.07,40.28,39.93,40.11,35842
05/15/2024,40.41,40.52,40.2701,40.52,21254
05/16/2024,40.54,40.54,40.22,40.23,18797
05/17/2024,40.271,40.37,40.25,40.37,12315
05/20/2024,40.415,40.4632,40.2059,40.2169,17480
05/21/2024,40.17,40.25,40.0803,40.22,11937
05/22/2024,40.13,40.29,39.99,40.01,31036
05/23/2024,40.09,40.1,39.4109,39.48,15572
05/24/2024,39.72,39.9135,39.66,39.79,13014
05/28/2024,39.85,39.85,39.5483,39.6239,6061
05/29/2024,39.45,39.4771,39.22,39.35,20350
05/30/2024,39.1006,39.61,39.1006,39.33,29378
05/31/2024,39.46,39.77,39.17,39.76,7162
06/03/2024,39.9,40.21,39.37,39.78,15117
06/04/2024,39.82,39.82,39.23,39.405,17479
06/05/2024,39.63,39.8222,39.44,39.8093,24303
06/06/2024,39.93,39.98,39.73,39.7935,24855
06/07/2024,39.68,40.08,39.66,39.955,34336
06/10/2024,39.81,40.18,39.8,40.18,24979
06/11/2024,40.083,40.083,39.65,39.8,18090
06/12/2024,40.3,40.33,39.88,39.99,19472
06/13/2024,40.01,40.14,39.63,39.9216,26443
06/14/2024,39.49,39.76,39.4321,39.76,15242
06/17/2024,39.52,40.02,39.36,40.02,24314
06/18/2024,39.8,39.9428,39.69,39.77,44341
06/20/2024,39.8949,40.2,39.805,40.04,30517
06/21/2024,40.14,40.14,39.821,40.13,15681
06/24/2024,40.08,40.429,40.02,40.18,26133
06/25/2024,40.1499,40.19,40.0007,40.07,32659
06/26/2024,39.89,40.47,39.89,40.27,17879
06/27/2024,40.35,40.48,40.2614,40.43,13100
06/28/2024,40.62,41,40.46,40.62,66163
07/01/2024,40.63,40.84,40.45,40.47,16527
07/02/2024,40.37,40.74,40.37,40.68,48179
07/03/2024,40.85,40.85,40.5784,40.6069,11594
07/05/2024,40.63,40.87,40.55,40.84,32648
07/08/2024,41.53,41.53,40.7851,40.8207,7139
07/09/2024,40.97,41.27,40.89,41.07,84152
07/10/2024,41.07,41.58,41.03,41.3,34489
07/11/2024,41.34,41.645,41.21,41.27,11894
07/12/2024,41.11,41.63,41.1,41.29,24741
07/15/2024,41.53,41.78,41.3904,41.64,28227
07/16/2024,41.84,42.16,41.72,42.15,32828
07/17/2024,41.77,42.35,41.74,41.74,19035
07/18/2024,41.86,42.12,41.36,41.59,23981
07/19/2024,41.3,41.4234,41.08,41.08,12332
07/22/2024,41.28,41.4,41.04,41.3,66017
07/23/2024,41.3,41.45,41.18,41.25,35359
07/24/2024,40.93,41.07,40.62,40.62,26733
07/25/2024,40.62,41.11,40.56,40.56,14018
07/26/2024,40.83,41.195,40.67,41.165,21138
07/29/2024,41.22,41.2259,41.02,41.14,13722
07/30/2024,41.2,41.55,41.2,41.3407,11771
07/31/2024,41.41,41.59,41.28,41.41,19643
08/01/2024,41.56,41.56,40.19,40.45,24287
08/02/2024,39.49,39.49,38.7278,39,147152
08/05/2024,37.52,38.29,37.5,37.9,90682
08/06/2024,38.08,38.925,37.825,38.56,88404
08/07/2024,38.82,39.1332,38.08,38.08,25175
08/08/2024,38.61,39.23,38.6,39.23,40305
08/09/2024,38.8,39.31,38.78,39.1988,24285
08/12/2024,39.26,39.26,38.79,38.9455,10967
08/13/2024,39.22,39.57,39.05,39.53,16194
08/14/2024,39.59,39.66,39.355,39.66,9100
08/15/2024,40,40.36,40,40.21,18384
08/16/2024,40.11,40.37,40.11,40.3466,5898
08/19/2024,40.49,40.8019,40.49,40.77,13270
08/20/2024,40.65,40.75,40.52,40.55,15164
08/21/2024,40.65,40.7414,40.5043,40.6627,8414
08/22/2024,40.74,40.79,40.3993,40.3993,48953
08/23/2024,40.66,41.0202,40.66,40.89,17545
08/26/2024,41,41.07,40.71,40.75,10327
08/27/2024,40.53,40.7725,40.53,40.64,10101
08/28/2024,40.71,40.74,40.3801,40.62,37375
08/29/2024,40.86,41.1084,40.65,40.88,36600
08/30/2024,41.085,41.44,40.97,41.39,13291
09/03/2024,41.18,41.27,40.616,40.69,16864
09/04/2024,40.63,41.018,40.51,40.646,11932
09/05/2024,40.69,40.81,40.1777,40.28,6158
09/06/2024,40.39,40.53,39.43,39.47,9571
09/09/2024,39.71,39.97,39.6349,39.71,20921
09/10/2024,39.63,39.63,39.1,39.46,31435
09/11/2024,39.4,39.649,38.66,39.649,11802
09/12/2024,39.62,39.87,39.6,39.81,11893
09/13/2024,39.99,40.21,39.99,40.11,6601
09/16/2024,40.06,40.43,40.06,40.38,14831
09/17/2024,40.62,40.9083,40.62,40.74,10561
09/18/2024,40.78,41.1044,40.64,40.74,8010
09/19/2024,41.48,41.645,41.32,41.59,17789
09/20/2024,41.4186,41.4186,41.18,41.28,9693
09/23/2024,41.48,41.505,41.3097,41.37,11789
09/24/2024,41.28,41.4988,41.14,41.24,7438
09/25/2024,41.29,41.29,41.06,41.07,13738
09/26/2024,41.44,41.5,41.22,41.486,19926
09/27/2024,41.6,41.83,41.5865,41.64,9442
09/30/2024,41.52,41.68,41.43,41.68,8709
10/01/2024,41.54,41.54,41.19,41.2394,15232
10/02/2024,40.82,41.0821,40.68,41.02,19107
10/03/2024,40.81,40.9,40.6424,40.81,13116
10/04/2024,41.41,41.6481,41.2,41.6481,21135
10/07/2024,41.62,41.62,41.16,41.27,10936
10/08/2024,41.32,41.32,41.1,41.3,17489
10/09/2024,41.26,41.54,41.25,41.47,19067
10/10/2024,41.38,41.87,41.25,41.25,12652
10/11/2024,41.5,42.05,41.5,42,85114
10/14/2024,42.01,42.36,42.01,42.28,15997
10/15/2024,42.19,42.4252,41.94,41.94,23570
10/16/2024,41.92,42.25,41.92,42.15,32214
10/17/2024,42.26,42.4,42.18,42.32,21822
10/18/2024,42.37,42.37,42.13,42.29,12383
10/21/2024,42.22,42.22,41.75,41.85,6510
10/22/2024,41.72,42.01,41.72,41.97,13760
10/23/2024,41.88,41.92,41.32,41.49,11772
10/24/2024,41.62,41.68,41.45,41.64,9316
10/25/2024,42.11,42.39,41.7714,41.81,7016
10/28/2024,41.99,42.34,41.99,42.2484,7543
10/29/2024,42.26,42.34,42.1045,42.29,21161
10/30/2024,42.615,42.77,42.48,42.59,20113
10/31/2024,42.35,42.35,41.6,41.65,19423
11/01/2024,41.88,42.1293,41.8008,41.87,22070
11/04/2024,41.71,41.71,41.31,41.407,30564
11/05/2024,41.49,41.9049,41.49,41.8942,8362
11/06/2024,43.48,44.04,43.468,43.92,62927
11/07/2024,44,44.36,43.96,44.23,35739
11/08/2024,44.17,44.17,43.8764,43.99,52865
11/11/2024,44.24,44.39,44.16,44.29,102268
11/12/2024,44.3499,44.4,43.9214,44.01,13379
11/13/2024,44.12,44.37,43.99,44.09,56410
11/14/2024,44.2,44.73,43.8701,44.09,41806
11/15/2024,43.59,43.92,43.2801,43.42,99191
11/18/2024,43.525,43.88,43.4202,43.85,24763
11/19/2024,43.545,43.69,43.2756,43.61,15375
11/20/2024,43.5917,43.95,43.4,43.88,21303
11/21/2024,43.92,44.2621,43.705,44.07,20006
11/22/2024,44.04,44.5518,44.04,44.34,22137
11/25/2024,44.78,45.24,44.78,44.88,21857
11/26/2024,44.86,44.977,44.55062,44.75,52545
11/27/2024,44.89,45.07,44.77,44.88,35517
11/29/2024,44.98,45.2,44.95,44.95,4108
12/02/2024,44.95,45.1793,44.8906,45.07,30287
12/03/2024,45.02,45.08,44.81,44.96,166725
12/04/2024,44.9,45.103,44.53,44.675,22742
12/05/2024,44.87,44.87,44.4102,44.5026,26492
12/06/2024,44.68,44.87,43.54,44.87,22778
12/09/2024,44.7,44.8,44.37,44.37,11823
12/10/2024,44.35,44.48,44.21,44.3,95883
12/11/2024,44.42,44.54,44.23,44.45,116328
12/12/2024,44.44,44.49,44.11,44.15,18985
12/13/2024,44.17,44.17,43.7785,43.86,35107
12/16/2024,43.94,44.15,43.601,43.69,24251
12/17/2024,43.37,43.62,43.07,43.07,19442
12/18/2024,43.28,43.49,42.11,42.16,50347
12/19/2024,42.48,42.59,41.93,41.93,43468
12/20/2024,41.77,42.79,41.77,42.36,30195
12/23/2024,42.37,42.88,42.24,42.74,34053
12/24/2024,42.72,43.037,42.6836,43.037,20446
12/26/2024,42.9,43.31,42.9,43.14,17298
12/27/2024,42.55,43.21,42.2,42.47,60251
12/30/2024,42.49,42.5,41.78,42.1,104296
12/31/2024,42.17,42.31,41.92,42.11,17486
01/02/2025,42.3,42.54,41.84,42.08,49225
01/03/2025,42.29,42.5998,42.2598,42.51,38027
01/06/2025,42.84,43.335,42.84,43.04,61127
01/07/2025,43.16,43.248,42.5986,42.73,13705
01/08/2025,42.72,42.74,42.331,42.62,24162
01/10/2025,42.4,42.415,42.007782,42.12,25906
01/13/2025,42.04,42.62,42.04,42.62,21821
01/14/2025,42.73,42.91,42.47,42.83,45518
01/15/2025,43.54,43.82,43.47,43.63,108356
01/16/2025,43.62,43.62,43.2,43.56,40508
01/17/2025,43.84,44.0599,43.685,43.99,84307
01/21/2025,44.25,44.47,44.25,44.42,213743
01/22/2025,44.48,44.66,44.319,44.48,43333
01/23/2025,44.6,44.936,44.53,44.85,30777
01/24/2025,44.8,45.06,44.74,44.97,35383
01/27/2025,44.49,45.41,44.49,45.41,65728
01/28/2025,45.29,45.42,45.16,45.235,46213
01/29/2025,45.33,45.5,45.1,45.21,38655
01/30/2025,45.44,45.78,45.33,45.58,39307
01/31/2025,45.75,45.91,45.39,45.44,53869
02/03/2025,44.62,45.34,44.61,45.14,26462
02/04/2025,45.19,45.6715,45.16,45.54,59617
02/05/2025,45.37,45.43,45.1501,45.41,33163
02/06/2025,45.54,45.81,45.47,45.8,44041
02/07/2025,45.73,45.9179,45.33,45.35,190693
02/10/2025,45.49,45.49,45.05,45.26,109460
02/11/2025,45.06,45.8083,45.0589,45.28,51728
02/12/2025,45.12,45.4382,45.12,45.32,46939
02/13/2025,45.59,46.17,45.59,46.14,64570
02/14/2025,46.05,46.24,45.97,45.97,28468
02/18/2025,46.05,46.05,45.71,45.85,37156
02/19/2025,45.79,46.06,45.65,46.06,44657
02/20/2025,45.95,46.05,45.515,45.83,26989
02/21/2025,45.62,45.7399,44.88,44.9,20978
02/24/2025,45.04,45.28,44.74,44.98,37281
02/25/2025,44.93,45.055,44.4,44.77,46568
02/26/2025,44.91,45.14,44.63,44.71,100114
02/27/2025,44.74,44.88,44.27,44.3,21548
02/28/2025,44.36,44.73,44.0701,44.73,35040
03/03/2025,45.03,45.25,43.75,43.94,88326
03/04/2025,43.73,43.73,42.77,43.1,38889
03/05/2025,43.18,43.81,42.99,43.61,54695
03/06/2025,43.18,43.3507,42.72,42.96,80975
03/07/2025,42.78,43.1784,42.22,43.02,78774
03/10/2025,42.16,42.79,41.36,42.04,54054
03/11/2025,42.05,42.29,41.58,41.81,35644
03/12/2025,42.265,42.265,41.685,42.01,34596
03/13/2025,42.04,42.15,41.4,41.58,92297
03/14/2025,41.89,42.4797,41.8732,42.4262,36738
03/17/2025,42.31,42.7776,42.31,42.57,37843
03/18/2025,42.5335,42.61,42.28,42.55,40243
03/19/2025,42.62,43.0034,42.4823,42.845,31853
03/20/2025,42.63,43.22,42.63,42.89,12092
03/21/2025,42.4296,42.8081,42.4296,42.6309,10997
03/24/2025,43.04,43.51,43.04,43.51,9769
03/25/2025,43.75,43.75,43.3727,43.5,29598
03/26/2025,43.53,43.7186,43.13,43.309,27723
03/27/2025,43.05,43.33,42.89,43.1,28003
03/28/2025,42.86,42.97,42,42.01,63513
03/31/2025,41.52,42.56,41.52,42.32,28738
04/01/2025,42.3,42.6296,42.05,42.42,38771
04/02/2025,42.1,42.97,42.1,42.96,33319
04/03/2025,41.31,41.5,40.58,40.71,90650
04/04/2025,39.42,39.42,38.3565,38.43,89918
04/07/2025,37.15,39.8113,36.8315,38.53,74075
04/08/2025,40.28,40.28,37.8,38.379,127025
04/09/2025,38.05,41.82,37.6601,41.64,170253
04/10/2025,40.75,40.75,39.07,39.89,62222
04/11/2025,39.84,40.7299,39.4894,40.6386,22752
04/14/2025,41.35,41.35,40.3467,40.82,33326
04/15/2025,40.63,41.04,40.4,40.47,51829
04/16/2025,40.14,40.49,39.5137,39.81,95595
04/17/2025,39.79,40.2599,39.74,39.86,24627
04/21/2025,39.98,40.3205,38.8667,39.29,57408
04/22/2025,39.58,40.43,39.58,40.32,52186
04/23/2025,41.55,41.9264,40.78,41.11,49737
04/24/2025,41.15,42.08,41.12,42.03,29080
04/25/2025,42,42.0826,41.65,41.8985,15396
04/28/2025,41.96,42.3761,41.6426,42.017,49989
04/29/2025,41.88,42.2599,41.66,42.09,35582
04/30/2025,41.67,42,41.0411,41.92,82165
05/01/2025,42.58,42.5862,42.27,42.31,25893
05/02/2025,42.76,43.33,42.54,43.24,24450
05/05/2025,42.69,43.0999,42.6,42.73,27775
05/06/2025,42.375,42.5953,42.145,42.24,23238
05/07/2025,42.44,42.5977,42.12,42.43,28548
05/08/2025,42.739,43.33,42.63,42.82,158815
05/09/2025,43.0999,43.0999,42.7,42.77,17147
05/12/2025,44.26,44.38,43.96,44.34,26928
05/13/2025,44.39,44.6977,44.1721,44.35,33365
05/14/2025,44.51,44.51,43.9285,44.11,26374
05/15/2025,43.73,44.04,43.39,43.86,24041
05/16/2025,43.81,44.2606,43.7151,44.2015,24964
05/19/2025,43.82,44.414,43.82,44.29,49143
05/20/2025,44.15,44.2893,43.9953,44.1,16616
05/21/2025,43.78,43.92,43.11,43.19,20655
05/22/2025,43.03,43.2599,42.78,42.89,54796
05/23/2025,42.37,42.93,42.27,42.62,17606
05/27/2025,43.11,43.6299,43.05,43.61,31166
05/28/2025,43.51,43.6905,43.355,43.355,25048
05/29/2025,43.545,43.74,43.15,43.4184,11838
05/30/2025,43.14,43.5999,43.12,43.42,15677
06/02/2025,43.33,43.75,43.05,43.6,18755
06/03/2025,43.52,44.09,43.485,44.05,16979
06/04/2025,44.09,44.19,43.85,43.87,21469
06/05/2025,44.06,44.08,43.5,43.78,97057
06/06/2025,44.24,44.53,44.24,44.53,71480
06/09/2025,44.53,44.86,44.145,44.73,28505
06/10/2025,44.83,45.1,44.73,45.05,102494
06/11/2025,45.17,45.24,44.7077,44.86,42153
06/12/2025,44.45,44.9,44.41,44.9,58213
06/13/2025,44.49,44.8186,44.18,44.38,49099
06/16/2025,44.61,45.1395,44.61,45.11,22830
06/17/2025,44.9,45.03,44.54,44.69,84557
06/18/2025,44.61,45.0281,44.61,44.79,17889
06/20/2025,45.02,45.02,44.47,44.54,118533
06/23/2025,44.55,44.83,44.17,44.71,45508
06/24/2025,45.06,45.62,44.915,45.52,44833
06/25/2025,45.63,45.63,45.24,45.39,26724
06/26/2025,45.48,46.07,45.48,45.88,31221
06/27/2025,46.07,46.24,45.78,46.19,48035
06/30/2025,46.42,46.42,46.11,46.28,23379
07/01/2025,46.09,46.97,46.09,46.93,35317
07/02/2025,46.8,47.13,46.51,46.95,38074
07/03/2025,47.15,47.3192,47.12,47.13,15008
07/07/2025,46.99,47.1299,46.51,46.6671,20314
07/08/2025,46.77,46.9587,46.73,46.78,99847
07/09/2025,46.93,47,46.7268,46.77,57192
07/10/2025,46.84,47.16,46.6988,46.93,41329
07/11/2025,46.69,46.8999,46.5101,46.77,51347
07/14/2025,46.7,46.89,46.5839,46.89,29560
07/15/2025,46.64,46.69,46.02,46.02,37123
07/16/2025,46.21,46.21,45.6089,45.9855,41991
07/17/2025,45.99,46.25,45.94,46.23,162744
07/18/2025,46.3,46.3,45.85,46.01,44183
07/21/2025,46.13,46.412,46.0393,46.11,18786
07/22/2025,45.34,46.4788,45.34,46.33,34927
07/23/2025,46.69,46.895,46.5701,46.732,24275
07/24/2025,46.7,46.92,46.12,46.27,36485
07/25/2025,46.29,46.5679,46.16,46.43,21060
07/28/2025,46.47,46.8682,46.3204,46.44,13789
07/29/2025,46.49,46.52,46.12,46.15,26682
07/30/2025,46.21,46.6699,46.2,46.23,15695
07/31/2025,46.77,46.77,46.02,46.095,57474
08/01/2025,45.47,45.47,44.915,45.16,38152
08/04/2025,45.28,45.8,45.28,45.42,23758
08/05/2025,45.59,45.76,45.24,45.67,22393
08/06/2025,45.63,45.95,45.5746,45.79,37576
08/07/2025,46.0315,46.27,45.4905,45.55,20326
08/08/2025,45.62,46.03,45.5197,45.83,30085
08/11/2025,46.05,46.2,45.6991,45.81,19168
08/12/2025,45.98,46.7692,45.98,46.705,22711
08/13/2025,46.88,47.205,46.88,47.1605,21932
08/14/2025,47.03,47.42,47.01,47.42,27975
08/15/2025,47.1,47.6047,46.81,46.82,35118
08/18/2025,46.81,46.895,46.64,46.81,38209
08/19/2025,46.77,47.149,46.62,46.9,32063
08/20/2025,46.81,46.81,46.4126,46.75,28416
08/21/2025,46.6343,46.77,46.55,46.6129,24417
08/22/2025,46.82,47.99,46.82,47.99,21614
08/25/2025,47.61,47.71,47.4498,47.62,33945
08/26/2025,47.554474,47.855,47.4987,47.84,30682
08/27/2025,47.6,48.12,47.6,47.94,14840
08/28/2025,47.8,48.156,47.8,48.06,20716
08/29/2025,48.01,48.3,47.946,48.25,41773
09/02/2025,47.66,47.895,47.44,47.86,19233
09/03/2025,47.9596,47.99,47.56,47.84,26865
09/04/2025,47.7355,48.24,47.7355,48.11,34700
09/05/2025,48.23,48.5899,47.71,47.9,32111
09/08/2025,48.13,48.13,47.73,47.85,26401
09/09/2025,48.04,48.225,48.03,48.03,30177
09/10/2025,48.04,48.04,47.652,47.8,67749
09/11/2025,47.75,48.37,47.75,48.25,28852
09/12/2025,48.24,48.24,47.9,48.01,35790
09/15/2025,48.18,48.41,48.1377,48.26,25409
09/16/2025,48.33,48.33,47.9377,48.33,71023
09/17/2025,48.32,48.86,48.14,48.4,82465
09/18/2025,48.57,48.97,48.46,48.81,35078
09/19/2025,48.789,48.81,48.59,48.6308,24027
09/22/2025,48.37,48.63,48.32,48.43,274539
09/23/2025,48.51,48.8199,48.2301,48.37,37787
09/24/2025,48.48,48.56,48.2565,48.4,77619
09/25/2025,48.18,48.18,47.83,48,23089
09/26/2025,48.15,48.435,48.0906,48.4,35279
09/29/2025,48.44,48.48,48.19,48.35,18197
09/30/2025,48.32,48.32,47.5139,47.9004,23749
10/01/2025,47.69,48.11,47.69,48.05,48422
10/02/2025,48.13,48.25,47.87,48.23,21941
10/03/2025,48.265,48.3999,48.12,48.14,27275
10/06/2025,48.22,48.3991,48.04,48.29,24753
10/07/2025,48.34,48.66,47.935,48.03,20313
10/08/2025,48.09,48.09,47.79,47.8,32246
10/09/2025,47.91,48.01,47.6302,47.82,16442
10/10/2025,47.81,47.91,46.5,46.5,27904
10/13/2025,46.99,47.29,46.936,47.2681,18043
10/14/2025,46.955,48.0157,46.955,47.71,9116
10/15/2025,48.015,48.29,47.74,48.04,20314
10/16/2025,48.07,48.1,47.1397,47.37,31273
10/17/2025,47.4,47.67,47.275,47.63,19937
10/20/2025,47.83,48.32,47.83,48.3,33550
10/21/2025,48.32,48.55,48.2822,48.44,19153
10/22/2025,48.72,48.72,48.05,48.24,38818
10/23/2025,48.38,48.57,48.3112,48.49,190546
10/24/2025,48.63,48.99,48.63,48.79,82920
10/27/2025,49.3455,49.3455,48.89,49,88584
10/28/2025,49.07,49.07,48.61,48.62,45271
10/29/2025,48.69,48.75,48.21,48.4,90560
10/30/2025,47.55,48.1593,47.53,47.53,59204
10/31/2025,47.98,48.1628,47.745,48.09,33132
11/03/2025,48.22,48.4,47.945,48.4,42695
11/04/2025,47.87,48.39,47.87,48.09,86962
11/05/2025,47.93,48.53,47.93,48.29,39004
11/06/2025,48.29,48.47,47.755,47.81,39491
11/07/2025,47.71,48.14,47.4,48.14,74087
11/10/2025,48.48,48.58,48.1501,48.54,21401
11/11/2025,48.693,48.9498,48.6173,48.92,33384
11/12/2025,48.98,49.18,48.89,48.93,32555
11/13/2025,48.71,48.92,48.2341,48.32,45529
11/14/2025,47.81,48.1197,47.68,47.88,31042
11/17/2025,47.97,48.13,47.105,47.35,25486
11/18/2025,47.36,47.58,46.95,47.33,36607
11/19/2025,47.3,47.47,47.0202,47.2,22337
11/20/2025,47.84,48.119,46.76,46.8,270293
11/21/2025,46.98,47.959,46.8,47.76,38725
11/24/2025,48.01,48.6199,48.01,48.52,18318
11/25/2025,48.67,49.43,48.67,49.36,42390
11/26/2025,49.66,49.9399,49.61,49.78,24295
11/28/2025,50,50.31,49.7701,50.21,17680
12/01/2025,49.95,50.46,49.95,50.13,58529
12/02/2025,50.28,50.4687,50.09,50.2,23497
12/03/2025,50.315,50.76,50.315,50.71,27230
12/04/2025,50.87,50.87,50.6285,50.75,30824
12/05/2025,50.82,51.1894,50.82,51.01,22501
12/08/2025,51.02,51.02,50.58,50.61,60907
12/09/2025,50.64,50.917,50.64,50.69,24896
12/10/2025,50.7793,51.645,50.7793,51.58,51476
12/11/2025,51.49,51.7699,51.41,51.74,50765
12/12/2025,51.78,51.84,51.2374,51.47,197925
12/15/2025,51.55,51.68,51.24,51.47,131188
12/16/2025,51.335,51.41,50.805,51.04,49996
12/17/2025,51.01,51.16,50.74,50.75,57092
12/18/2025,51.18,51.42,50.99,51.19,50530
12/19/2025,51.05,51.52,51.05,51.26,41428
12/22/2025,51.51,52.1114,51.4427,51.69,36526
12/23/2025,51.47,51.76,51.47,51.74,29259
12/24/2025,51.69,51.99,51.685,51.9,30391
12/26/2025,51.97,52.03,51.8501,52.03,19107
12/29/2025,51.4,51.445,51.2725,51.42,25146
12/30/2025,51.37,51.6,51.37,51.51,85865
12/31/2025,51.39,51.44,51.0901,51.13,34808
01/02/2026,51.22,51.48,50.9501,51.25,70752
01/05/2026,51.49,52.0087,51.49,51.685,93321
01/06/2026,51.68,52.28,51.68,52.14,390764
01/07/2026,51.94,52.0092,51.53,51.61,59676
01/08/2026,51.64,52.2893,51.64,52.13,58563
01/09/2026,52.22,52.3699,51.96,52.24,44448
01/12/2026,51.655,51.97,51.655,51.97,82320
01/13/2026,51.91,51.92,51.61,51.8,55420
01/14/2026,51.63,51.63,51.29,51.59,34224
01/15/2026,51.76,52.24,51.72,51.92,75119
01/16/2026,51.95,52.14,51.6,51.81,48875
01/20/2026,51.09,51.58,50.975,51.16,80426
01/21/2026,51.31,52.0078,51.31,51.62,40340
01/22/2026,51.86,52.42,51.86,52.38,50762
01/23/2026,52.09,52.269,51.88,52,44519
01/26/2026,52.02,52.59,52.02,52.33,37256
01/27/2026,51.96,52.0808,51.66,51.82,453697
01/28/2026,51.93,52.2299,51.875,51.99,32206
01/29/2026,52.45,52.68,52.05,52.64,99878
01/30/2026,52.36,52.5,52.04,52.48,30194
02/02/2026,52.47,52.93,52.06,52.88,81732
02/03/2026,52.895,53.2683,52.4701,52.98,23947
02/04/2026,53.28,53.79,53.1699,53.31,57519
02/05/2026,53,53.14,52.7151,53.04,46428
02/06/2026,52.98,53.58,52.98,53.58,53550
02/09/2026,53.47,53.89,53.2901,53.76,40927
02/10/2026,53.7,53.91,53.42,53.71,69099
02/11/2026,53.9,54.26,53.3601,53.56,50603
02/12/2026,53.7,53.7,52.385,52.43,75622
02/13/2026,52.33,52.7868,52.1,52.59,48553
02/17/2026,52.48,52.73,52.06,52.51,68195
02/18/2026,52.61,53.11,52.61,53.11,45026
02/19/2026,52.81,52.9586,52.5501,52.75,44331
02/20/2026,52.73,53.24,52.62,53.21,54559
02/23/2026,53.02,53.03,51.83,51.95,61345.02
02/24/2026,51.86,52.145,51.7,51.95,29914.375
02/25/2026,52.22,52.47,52.125,52.47,20355.994
02/26/2026,52.46,52.82,52.38,52.59,33822.08
02/27/2026,52.25,52.35,51.935,52.29,45517.008
03/02/2026,51.8,52.5012,51.79,52.34,36148.473
03/03/2026,51.66,52.105,51.055,51.8019,80982.805
03/04/2026,51.86,52.2193,51.63,52.1,174450.05
03/05/2026,51.98,52.11,51.4502,51.94,50684.652
03/06/2026,51.5,51.5,50.695,51.025,127370.86
03/09/2026,50.48,51.13,49.945,51.01,105901.48
03/10/2026,51,51.2285,50.67,50.75,42366.29
03/11/2026,50.51,50.98,50.48,50.73,96119.05
03/12/2026,50.52,50.61,50.3,50.42,85403.74
03/13/2026,50.47,50.7185,50.2,50.21,23294.121
03/16/2026,50.63,50.91,50.605,50.72,26699.32
03/17/2026,50.86,51.2991,50.86,51.15,24045.293
03/18/2026,51.01,51.13,50.59,50.78,23874.191
03/19/2026,50.33,50.63,50.17,50.34,33093.31
03/20/2026,50.35,50.35,49.72,49.9101,52210.61
03/23/2026,50.48,50.9,50.4,50.48,28569.291
03/24/2026,50.17,50.97,50.17,50.78,27673.291
03/25/2026,51.08,51.17,50.705,50.9461,17728.293
03/26/2026,50.84,50.98,50.36,50.53,73207.29
03/27/2026,50.11,50.24,49.64,49.68,34067.44
