12/01/2022,98.6,99.59,97.61,97.85,1850468
12/02/2022,97.26,97.71,96.7,97.35,1719742
12/05/2022,96.53,97.65,96.4,97.37,1521585
12/06/2022,97.44,97.99,96.555,97.56,1600929
12/07/2022,97.34,98.39,96.41,96.59,1368265
12/08/2022,96.51,97.64,96.31,97.59,1005855
12/09/2022,97.01,97.605,96.44,96.53,1485369
12/12/2022,97.18,98.355,96.55,98.35,1225465
12/13/2022,99.49,99.78,97.43,98.51,1396347
12/14/2022,98.53,99.97,97.75,98.44,1983823
12/15/2022,97.91,98.4499,96.56,96.98,1865509
12/16/2022,96.02,96.66,94.24,95.17,3946595
12/19/2022,95.11,96.33,94.37,94.85,1347972
12/20/2022,94.83,95.52,94.07,94.59,1846802
12/21/2022,95,95.74,94.65,95.72,1521070
12/22/2022,95.63,95.63,93.7723,95.16,1050025
12/23/2022,95.08,96.01,95.08,95.85,1278545
12/27/2022,96.04,96.84,95.78,96.55,1352000
12/28/2022,96.81,97.02,95.82,95.97,1318181
12/29/2022,96.48,97.26,96.115,96.49,1193906
12/30/2022,96.62,96.75,94.545,95.31,1224392
01/03/2023,95.46,96.37,93.93,95.76,2098422
01/04/2023,96.24,97.435,95.943,96.59,1878466
01/05/2023,95.89,96.3825,94.43,95.29,1891605
01/06/2023,96.27,98.07,96.02,97.83,1414461
01/09/2023,96.81,98.65,96.2926,97.72,1471365
01/10/2023,97.99,98.3,97.065,98.09,1259940
01/11/2023,98.14,99.06,98.07,98.61,1612051
01/12/2023,98.79,98.94,97.4,97.53,1236961
01/13/2023,96.94,96.98,96.1,96.49,1236329
01/17/2023,96.57,96.87,95.29,95.49,2496205
01/18/2023,95.66,95.95,93.06,93.34,1808409
01/19/2023,93.4,93.49,92.17,92.48,1416862
01/20/2023,92.56,93.84,91.4,93.79,2507506
01/23/2023,93.63,94.61,92.9511,93.55,1440539
01/24/2023,93.5,94.39,92.73,94.05,1176244
01/25/2023,93.47,94.47,92.901,94.45,1190063
01/26/2023,94.22,94.91,93.84,94.88,1276147
01/27/2023,94.79,95.37,94.23,94.91,952273
01/30/2023,94.91,96,94.73,95.05,1161669
01/31/2023,95.31,95.48,93.94,95.31,3663630
02/01/2023,94.9,96,94.5075,95.45,1557633
02/02/2023,95.31,96.16,94.5,95.16,1625642
02/03/2023,94.9,94.97,91.89,92.93,1741844
02/06/2023,92.66,93.66,92.36,93.55,1370371
02/07/2023,93.01,93.48,92.4,93.25,1388635
02/08/2023,92.91,92.93,91.09,91.77,1407745
02/09/2023,91.97,92.34,90.08,90.19,1489720
02/10/2023,90.47,92.49,90.34,92.36,1373812
02/13/2023,92.39,92.91,92.19,92.8,1300625
02/14/2023,91.96,92.41,91.03,91.1,1047616
02/15/2023,90.75,91.27,90.4,91.2,1141843
02/16/2023,90.43,92.2,89.5447,91.66,3701442
02/17/2023,91.57,93.32,90.65,93.25,3654846
02/21/2023,92.9,93.39,92.2,92.73,2197961
02/22/2023,92.98,93.55,92.1,92.41,1740056
02/23/2023,92.83,93.02,91.23,91.58,1848815
02/24/2023,90.94,91.59,90.21,91.26,1886038
02/27/2023,91.92,92.65,90.81,90.85,1928666
02/28/2023,90.47,90.99,89.32,89.35,2705126
03/01/2023,89.02,89.3,87.03,88.15,1969275
03/02/2023,88.2,89.78,87.3775,89.61,1415041
03/03/2023,89.86,90.72,88.83,90.69,1497708
03/06/2023,90.75,91.81,90.73,91.63,1592437
03/07/2023,92.5,92.74,90.23,90.66,2278563
03/08/2023,90.61,92.36,90.59,91.69,1839837
03/09/2023,92.02,93.07,91.1316,91.29,1902313
03/10/2023,91.65,92.04,90.32,90.62,1969139
03/13/2023,90.67,95.6724,90.56,92.79,2773891
03/14/2023,93.2,94.93,93.16,94.01,1936029
03/15/2023,93.98,96.15,93.49,95.64,2828048
03/16/2023,95.56,97.23,95.23,96.3,2182249
03/17/2023,95.93,96.475,95.03,95.63,3638364
03/20/2023,95.93,97.325,95.81,96.91,1735316
03/21/2023,96.57,96.98,92.16,93.19,2627690
03/22/2023,93.63,94.03,92.02,92.1,2537003
03/23/2023,91.74,92.97,91.06,91.73,2373079
03/24/2023,92.1,95.11,91.83,95.07,1643578
03/27/2023,95.42,95.81,94.46,94.57,1896535
03/28/2023,94.3,95.731,94.07,94.39,1762380
03/29/2023,94.79,95.63,94.78,95.11,1635905
03/30/2023,95.22,95.7,94.62,94.72,2108224
03/31/2023,94.68,95.71,94.54,95.67,2099903
04/03/2023,95.24,95.79,94.41,95.09,2235281
04/04/2023,95.25,96.37,95.103,96.02,1560914
04/05/2023,96.81,98.76,96.7,98.51,2040570
04/06/2023,98.92,99.35,97.57,98.97,1578628
04/10/2023,98.75,99.25,97.91,99.21,1355614
04/11/2023,99.16,99.54,98.28,99.11,1338758
04/12/2023,99.1,99.73,98.29,98.69,1185321
04/13/2023,98.15,98.88,96.56,98.08,1335233
04/14/2023,97.22,97.65,96.49,96.68,1826956
04/17/2023,97.1,97.95,96.85,97.87,1520119
04/18/2023,97.8,97.96,96.97,97.52,997245
04/19/2023,97.78,98.81,97.68,98.14,1158326
04/20/2023,98.53,98.71,97.74,98.66,1215900
04/21/2023,99.56,99.75,98.52,99.04,1875080
04/24/2023,99.2,99.89,98.63,99.84,1110675
04/25/2023,100,100.92,99.655,100.4,1404110
04/26/2023,99.29,100.43,98.86,99.14,1378572
04/27/2023,99.04,99.58,98.21,99.18,1713551
04/28/2023,99.08,99.66,97.89,98.47,2315983
05/01/2023,98.43,100.125,98.29,99.11,1834811
05/02/2023,99.02,99.59,98.08,98.57,1425175
05/03/2023,99.39,99.42,97.98,98.04,1202993
05/04/2023,98.23,99.22,97.72,98.52,1648058
05/05/2023,98.8,100.44,97.8,99.49,2218632
05/08/2023,99.34,100.32,98.25,99.01,1524887
05/09/2023,99.15,99.26,98.38,98.77,1469868
05/10/2023,99.34,99.99,98.6,99.41,1504359
05/11/2023,99.44,99.76,98.55,98.96,1628885
05/12/2023,99.45,100.08,98.85,99.52,1624590
05/15/2023,99.84,100,97.65,98.48,1838147
05/16/2023,97.47,97.8218,96.4,96.5,2261204
05/17/2023,96.67,96.74,95.67,95.9,1742485
05/18/2023,95.31,95.78,94.81,95.36,1806376
05/19/2023,95.85,96.17,94.88,95.19,2209829
05/22/2023,95.35,95.97,94.43,94.65,1906990
05/23/2023,94.3,94.78,93.7,93.88,4775095
05/24/2023,94.19,94.51,93.27,93.5,1578244
05/25/2023,93.28,93.825,92.35,93.22,3679284
05/26/2023,93.13,93.14,92.22,92.69,2210729
05/30/2023,92.58,93.515,92.24,92.56,1939119
05/31/2023,92.78,93.66,92.32,93.3,3277278
06/01/2023,93.71,93.74,91.58,91.82,2937086
06/02/2023,91.62,92.7,90.515,91.76,2244757
06/05/2023,91.82,93.83,91.82,92.95,2075801
06/06/2023,93.49,93.57,92.2,92.41,1543190
06/07/2023,92.42,93.88,91.151,93.54,1847129
06/08/2023,92.38,94.25,92.32,94,1416360
06/09/2023,94,94.19,93.37,93.49,1264860
06/12/2023,93.7,93.7,92.05,92.63,2020876
06/13/2023,92.19,92.52,91.511,92.03,1728880
06/14/2023,92.31,93.55,91.85,92.39,1678002
06/15/2023,93.01,93.69,92.46,93.02,1997569
06/16/2023,93.38,94.15,92.71,92.97,4678720
06/20/2023,93.1,93.24,91.95,92.02,1939650
06/21/2023,91.92,92.95,91.02,92.92,1907134
06/22/2023,93.31,93.56,91.95,92.12,1914026
06/23/2023,92.59,92.63,90.4113,90.74,1994122
06/26/2023,91.03,91.84,90.34,91.68,1242591
06/27/2023,91.92,92.34,91.621,91.98,1263083
06/28/2023,91.98,91.98,89.87,90.11,1490468
06/29/2023,89.4,90.3393,89.3196,89.57,1545043
06/30/2023,89.82,90.45,89.47,90.4,1552125
07/03/2023,90.2,91.06,89.84,91.05,707013
07/05/2023,90.75,93.45,90.68,92.85,2334745
07/06/2023,92.31,92.67,91.6,92.17,1776242
07/07/2023,91.48,92.66,91.1002,92.03,1664307
07/10/2023,91.81,91.95,90.9601,91.39,1560639
07/11/2023,91.36,92.54,91,92.54,1082715
07/12/2023,92.81,93.43,92.27,93.09,1294216
07/13/2023,92.71,93.8,92.28,93.77,1712878
07/14/2023,93.52,93.6248,92.72,93.08,1121857
07/17/2023,92.91,93.055,91.92,92.42,1512791
07/18/2023,92.55,93.345,91.22,92.14,2013039
07/19/2023,92.48,93.77,92.41,93.49,2030125
07/20/2023,93.8,96.05,93.22,95.89,2095876
07/21/2023,97.1,97.84,96.555,97.13,2121681
07/24/2023,97.31,97.8,96.92,97.13,1124296
07/25/2023,97.1,98.12,96.63,97.71,1980024
07/26/2023,97.58,98.845,97.25,97.5,1070002
07/27/2023,96.95,97.47,95.54,95.75,1482009
07/28/2023,96.32,96.59,94.94,95.64,1406299
07/31/2023,95.93,96.02,94.37,94.86,4358892
08/01/2023,94.89,95.34,93.28,93.34,1728276
08/02/2023,93.42,94.2,93.2,93.33,1404923
08/03/2023,92.98,92.995,90.3,90.33,2229915
08/04/2023,90.59,92.1788,88.7,89.31,2819026
08/07/2023,89.93,91.37,89.86,90.62,2072410
08/08/2023,90.96,91.24,90.185,91.19,1462362
08/09/2023,90.62,91.84,90.6,90.96,1331744
08/10/2023,91.3,91.93,90.15,90.41,1463289
08/11/2023,90.73,90.98,90.21,90.83,1156121
08/14/2023,90.56,90.755,89.17,89.56,2009052
08/15/2023,88.34,88.79,87.36,87.68,2454878
08/16/2023,88.02,89.17,87.85,88.83,1353631
08/17/2023,88.78,89.57,88.22,88.25,1317061
08/18/2023,88.34,89.55,88.17,89.32,1440621
08/21/2023,89.05,89.51,88,88.71,1268773
08/22/2023,88.62,89.535,88.29,89.38,1559057
08/23/2023,89.73,90.08,88.99,90.04,2679887
08/24/2023,89.89,91.21,89.45,89.46,1939697
08/25/2023,89.71,90.485,89.365,89.88,1890777
08/28/2023,89.82,90.61,89.12,89.71,1669924
08/29/2023,89.91,90.18,89.07,90.08,1484255
08/30/2023,90.02,90.7161,89.47,89.83,1019980
08/31/2023,90.02,90.2414,88.93,88.96,1842367
09/01/2023,89.45,89.45,87.28,88.35,1572692
09/05/2023,88.12,88.35,86.33,86.51,1942564
09/06/2023,86.83,86.94,86.21,86.8,1365914
09/07/2023,87.55,89.22,87.55,88.51,1626257
09/08/2023,88.74,89.52,88.24,89.25,1392799
09/11/2023,88.64,90.08,88.64,89.73,1627614
09/12/2023,89.88,90.33,88.79,90.2,1815473
09/13/2023,90.5,91.63,90.26,91.46,1725195
09/14/2023,91.8,92.42,91.5,92.38,2019131
09/15/2023,92.15,93.08,91.4,91.49,3727649
09/18/2023,91.37,91.69,90.71,91.57,1519088
09/19/2023,91.66,92.0499,91.13,91.17,1132199
09/20/2023,91.66,92.33,90.94,91.5,1186579
09/21/2023,91.36,92.12,90.6546,90.86,1814128
09/22/2023,90.4,91.51,90.05,90.83,1492847
09/25/2023,90.05,90.58,89.52,90.23,1549445
09/26/2023,90.04,90.17,87.6266,87.83,2009263
09/27/2023,87.5,88.12,86.5301,86.63,1786761
09/28/2023,87.05,87.24,84.86,85.49,1975694
09/29/2023,86.23,86.75,85.15,85.53,2011173
10/02/2023,85.02,85.19,81.06,81.62,2440424
10/03/2023,81.2,83.53,80.46,83.18,2635633
10/04/2023,83.57,84.29,81.999,84.2,1933234
10/05/2023,83.93,85.07,83.21,84.76,2524698
10/06/2023,83.31,86.56,82.66,86.35,2419746
10/09/2023,86.34,87.56,86.34,87.55,1451701
10/10/2023,87.32,88.3,87.19,88.12,1830328
10/11/2023,88.42,88.69,87.22,88.45,1738072
10/12/2023,88.08,88.48,86.37,87.37,1905968
10/13/2023,88.18,88.81,87.44,88.02,1958685
10/16/2023,85.15,88.92,85.15,88.66,3995520
10/17/2023,88.4,89.49,88.1,88.9,2943802
10/18/2023,88.84,89.165,87.84,88.28,2639728
10/19/2023,88.12,88.845,87.42,87.67,1950850
10/20/2023,87.68,88.7,86.475,87.06,10175505
10/23/2023,86.35,87.9,85.87,86.59,2130766
10/24/2023,87.27,88.26,87.11,87.97,1689625
10/25/2023,87.59,88.62,87.36,88.31,1472041
10/26/2023,88.67,90.1,88.48,89.3,1884648
10/27/2023,88.73,89.29,87.18,87.47,1248111
10/30/2023,87.77,88.41,86.79,87.48,1370254
10/31/2023,87.99,88.28,86.96,87.79,2480350
11/01/2023,88.13,89.83,87.125,89.16,2221627
11/02/2023,89.01,90.7,88.83,90.16,1853011
11/03/2023,91.8,93.27,89.99,90.07,2543103
11/06/2023,90.84,91.05,89.87,90.54,2907683
11/07/2023,90.56,90.59,89.38,89.48,2220504
11/08/2023,89.08,89.29,87.96,88.68,2820355
11/09/2023,88.94,89.89,88.69,89.25,3761593
11/10/2023,89.71,89.88,88.905,89.35,2497269
11/13/2023,89.25,89.53,87.99,88.37,2326597
11/14/2023,89.27,90.54,88.71,90.5,1883989
11/15/2023,90.13,91.5,90.13,90.55,2902339
11/16/2023,91.39,92.06,90.85,91.13,2012442
11/17/2023,91.62,91.82,90.82,91.36,1693986
11/20/2023,91,91.26,89.91,90.94,1559656
11/21/2023,91.03,91.15,90.16,90.49,1052208
11/22/2023,90.8,90.89,89.98,90.52,1682107
11/24/2023,90.67,91,90.06,90.96,504806
11/27/2023,91.01,91.19,90.19,90.67,1703343
11/28/2023,90.67,91.56,90.301,90.8,1402143
11/29/2023,90.83,91.3525,89.63,89.94,2174508
11/30/2023,90.1,90.43,89.35,90.11,3843385
12/01/2023,90.32,91.68,89.78,91.68,1519135
12/04/2023,91.06,92.77,90.7,91.99,1872335
12/05/2023,92.02,92.2599,90.905,91.19,1301056
12/06/2023,91.6,91.99,90.74,91.65,1260135
12/07/2023,92.03,93.16,91.31,92.44,3032849
12/08/2023,92.39,92.525,90.86,91.55,1910749
12/11/2023,91.25,91.9,90.78,91.87,1660838
12/12/2023,92.09,92.09,91.24,91.73,1351167
12/13/2023,91.92,94.33,91.39,94.01,1881510
12/14/2023,94.39,94.6,91.77,91.91,3229112
12/15/2023,91.5,91.5,89.215,89.85,4549500
12/18/2023,90.11,90.772,89.71,90,2183772
12/19/2023,90.12,90.545,89.74,90.31,1725979
12/20/2023,90.24,90.495,89.33,89.35,2498888
12/21/2023,89.45,90.205,88.6,89.21,1940673
12/22/2023,89.78,90.55,89.545,89.68,865600
12/26/2023,89.41,90.51,89.331,90.27,932313
12/27/2023,90.14,90.27,89.55,89.8,1333004
12/28/2023,89.65,90.77,89.6319,90.65,1402527
12/29/2023,90.34,91,90.04,90.97,1305500
01/02/2024,90.7,92.55,90.56,92.41,1806880
01/03/2024,92.61,93.08,92.12,93,2014288
01/04/2024,93.49,94,92.9,93.25,1727129
01/05/2024,93.05,94.01,92.92,93.52,1971991
01/08/2024,93.41,93.88,93.07,93.81,1203530
01/09/2024,93.63,93.925,93.15,93.7,1291766
01/10/2024,93.53,94.78,93.38,94.32,1572378
01/11/2024,93.85,93.85,91.07,91.25,2045304
01/12/2024,91.78,92.02,91.27,91.62,2202499
01/16/2024,91.41,92.505,91.04,91.56,2038202
01/17/2024,91.06,92.38,89.93,90.55,3770696
01/18/2024,90.09,90.26,88.92,89.4,3364636
01/19/2024,89.37,90.119,88.83,89.86,1689928
01/22/2024,89.86,90.39,88.69,89.2,1678501
01/23/2024,89.06,89.53,88.525,89.12,1586101
01/24/2024,89.83,89.86,88.075,88.32,1932368
01/25/2024,89.14,89.72,88.38,89.67,1548425
01/26/2024,90,90.24,89.435,90.02,2218871
01/29/2024,90,91.115,89.58,90.59,2173342
01/30/2024,90.42,91.22,90.04,90.68,1550005
01/31/2024,91.48,91.77,90.34,90.9,3138166
02/01/2024,90.39,92.82,90,92.78,1625052
02/02/2024,92.03,92.32,90.18,91.1,1978373
02/05/2024,90.32,90.91,89.62,89.67,1852011
02/06/2024,89.34,90.3739,89.21,89.77,1621500
02/07/2024,90.14,90.19,89.155,89.47,1413513
02/08/2024,89.07,89.48,88.11,88.67,1626478
02/09/2024,88.36,89.14,88.29,89.06,1457619
02/12/2024,89.08,89.56,88.44,89.45,1627308
02/13/2024,88.46,88.86,85.93,86.67,3513616
02/14/2024,87.04,87.41,86.45,86.84,2412954
02/15/2024,87.02,88.36,86.88,88.22,2168515
02/16/2024,87.55,88.38,86.73,87.32,2949343
02/20/2024,87.43,88.665,87.03,87.58,1974526
02/21/2024,88.11,88.7936,87.72,88.61,1747225
02/22/2024,87.91,88.21,86.73,87.91,1628834
02/23/2024,88.09,88.85,87.695,87.93,1190734
02/26/2024,87.71,87.755,86.09,86.21,1562868
02/27/2024,86.53,87.18,86.16,86.88,1159107
02/28/2024,86.85,87.28,86.45,86.65,1185454
02/29/2024,87.03,87.74,86.65,87.21,2803360
03/01/2024,86.99,87.1098,85.85,87.01,1571973
03/04/2024,86.56,89.4,86.56,89.13,1960927
03/05/2024,89.55,90.79,88.66,88.99,2037247
03/06/2024,89.56,90.275,89.44,89.85,1436735
03/07/2024,90.76,90.92,89.73,89.94,1007905
03/08/2024,90.17,90.34,89.17,90.12,1072856
03/11/2024,90.17,91,89.75,90.8,1197165
03/12/2024,90.37,91.06,89.91,89.93,1316827
03/13/2024,90.4,91.1,89.44,89.57,1673563
03/14/2024,89.2,89.5386,88.035,88.67,1450252
03/15/2024,88.05,89.22,88.05,88.94,3462511
03/18/2024,88.8,89.36,88.44,88.99,1354935
03/19/2024,89.39,89.8,88.78,89.71,1507656
03/20/2024,89.44,90.21,88.615,89.04,1545741
03/21/2024,89.24,89.73,88.61,88.65,2162914
03/22/2024,89.15,89.35,88.375,88.6,1507460
03/25/2024,88.75,89.04,88,88.5,1163704
03/26/2024,88.44,88.53,87.16,87.45,1411961
03/27/2024,87.92,90.09,87.92,90.05,1935394
03/28/2024,90.21,90.9,89.79,90.81,1785835
04/01/2024,90.79,90.92,89.68,90.33,1109597
04/02/2024,90.41,91.73,90.41,90.6,1829435
04/03/2024,90.54,90.86,89.785,89.89,1404637
04/04/2024,90.49,90.73,89.36,90.19,1666995
04/05/2024,89.67,90.005,88.89,89.65,1737921
04/08/2024,89.69,90.7701,89.49,90.6,1437861
04/09/2024,90.78,91.16,90.35,91.13,1184146
04/10/2024,89.51,89.75,88.3,88.89,1623462
04/11/2024,89.39,89.39,88.14,88.55,1325849
04/12/2024,88.74,89.33,88.02,88.63,1395978
04/15/2024,89.78,90.225,88.81,89.32,3385176
04/16/2024,89.04,89.265,87.4,87.42,2012294
04/17/2024,88.02,90.53,87.85,90.33,2864211
04/18/2024,90.66,91.18,89.67,90.9,2363363
04/19/2024,91.41,92.53,91.13,91.77,7124877
04/22/2024,91.46,92.855,91.2501,92.73,1734487
04/23/2024,92.37,93.38,92.25,92.84,1774100
04/24/2024,92.05,93.75,91.32,93.43,1944980
04/25/2024,93.43,94.36,92.69,94.11,2153286
04/26/2024,94.11,94.38,92.93,92.93,1348275
04/29/2024,93.31,94.18,93.31,93.97,1083390
04/30/2024,93.31,94.86,92.78,94.4,3617557
05/01/2024,94.05,95.44,93.782,94.8,2328101
05/02/2024,95.1,95.62,94.46,95.25,1940365
05/03/2024,96,96.76,94.97,95.56,2431577
05/06/2024,95.64,96.26,95.07,96.13,2029253
05/07/2024,96.74,97.56,95.91,97.5,1971808
05/08/2024,97.34,98.12,96.64,97.57,2152465
05/09/2024,97.55,98.25,96.96,98.12,1576344
05/10/2024,98.44,98.55,97.6,97.7,1653663
05/13/2024,97.7,98.47,97.55,97.64,1479445
05/14/2024,97.3,97.43,96.02,96.64,1666136
05/15/2024,97.49,97.68,96.67,96.91,1692201
05/16/2024,96.96,97.31,96.55,96.91,2325427
05/17/2024,97.04,97.17,96.39,97.1,1485387
05/20/2024,97.22,97.24,96.44,96.51,1077603
05/21/2024,96.63,97.2,95.87,96.34,1417165
05/22/2024,96.14,98.11,95.79,96.13,3583070
05/23/2024,95.36,95.76,93.74,93.87,1992064
05/24/2024,94.1,94.6,93.72,94.43,1581436
05/28/2024,94.23,95.32,93.13,93.21,1999303
05/29/2024,92.71,92.92,91.87,91.91,1930170
05/30/2024,92.36,92.78,92.17,92.45,1860719
05/31/2024,92.83,94.88,92.77,94.55,6874434
06/03/2024,94.55,95.21,93.44,93.68,2149099
06/04/2024,93.41,94.16,92.8,93.72,3379051
06/05/2024,93.56,93.65,92.24,92.6,2080682
06/06/2024,92.38,92.905,91.72,91.89,1367619
06/07/2024,91.03,92.08,90.9893,91.61,1258088
06/10/2024,91.37,92.36,91.08,92.32,1728278
06/11/2024,91.68,92.17,91.111,91.75,1264625
06/12/2024,92.55,92.7,90.68,91.14,1300566
06/13/2024,91.26,91.4909,90.17,90.61,1552180
06/14/2024,90.27,91.3,90.05,90.87,1175619
06/17/2024,90.39,91.01,90.1,90.65,1290514
06/18/2024,90.45,90.94,89.75,90.39,1266496
06/20/2024,90.55,91.22,90.26,90.53,1326288
06/21/2024,90.65,91.45,90.31,90.34,3034344
06/24/2024,90.47,91.8199,90.42,91.27,1359803
06/25/2024,91.06,91.135,89.28,89.39,1393436
06/26/2024,88.92,89.83,88.52,89.67,1763525
06/27/2024,89.65,89.9,89.26,89.68,1177518
06/28/2024,89.97,89.98,88.77,89.42,2553179
07/01/2024,89.76,90.08,88.56,88.81,1099110
07/02/2024,88.98,89.27,88.73,88.97,1088381
07/03/2024,88.95,89.56,88.55,88.71,902433
07/05/2024,88.8,89.6,88.475,89.27,1343554
07/08/2024,89.28,89.3759,88.315,88.42,1091027
07/09/2024,88.3,89.225,88.2104,88.85,1518332
07/10/2024,89.18,90,88.65,89.87,1128491
07/11/2024,90.17,91.7,89.8,91.46,1255650
07/12/2024,91.89,92.561,91.58,92.19,1139782
07/15/2024,91.66,91.86,90.18,90.26,1427172
07/16/2024,90.79,91.58,90.301,91.55,1439504
07/17/2024,91.97,94.23,91.595,93.76,1999867
07/18/2024,93.39,95.08,93.39,94.11,2092521
07/19/2024,94.57,94.63,93.59,94.04,1625942
07/22/2024,93.1,94.73,93.02,94.64,1472374
07/23/2024,94.44,94.44,93.22,93.25,1208854
07/24/2024,94,95.92,93.705,95.88,2109063
07/25/2024,96.45,97.82,95.5,95.92,1786873
07/26/2024,96.18,97.02,95.96,96.44,1368190
07/29/2024,96.63,97.09,95.995,96.87,1280669
07/30/2024,96.79,98.38,96.67,98.16,1053773
07/31/2024,98.24,98.24,97.05,97.52,1507388
08/01/2024,98.14,100.26,97.38,100.21,2298584
08/02/2024,103.15,105.99,100.06,101.83,4175523
08/05/2024,102.85,103.38,100.57,100.7,2697368
08/06/2024,100.7,102.165,100.7,100.89,1680902
08/07/2024,101,102.22,100.19,101.19,1720848
08/08/2024,100.63,101.47,100.11,100.5,1762285
08/09/2024,100.59,101.13,99.21,101.02,1456873
08/12/2024,100.735,101.98,100.501,101.94,1189677
08/13/2024,102.02,102.63,101.325,101.6,1474875
08/14/2024,100.31,101.49,99.88,100.86,1609592
08/15/2024,99.9,100.47,98.64,99.23,2695897
08/16/2024,99.5,100.51,98.975,100.1,1604109
08/19/2024,100.3,100.6744,99.99,100.41,1730903
08/20/2024,100.52,101.17,100.06,100.17,1420541
08/21/2024,100.11,100.78,100.01,100.42,1881935
08/22/2024,100.32,100.8424,100,100.67,1533260
08/23/2024,100.84,101.09,100.25,100.6,1572860
08/26/2024,100.93,101.72,100.68,100.9,1079546
08/27/2024,100.77,101.25,99.51,99.59,898070
08/28/2024,99.78,101.1,99.43,100.39,923044
08/29/2024,100.29,100.86,99.45,100.81,1098712
08/30/2024,101,101.83,100.855,101.56,2153321
09/03/2024,101.74,103.51,101.55,103.28,2071163
09/04/2024,103.56,104.94,103.56,104.4,1250473
09/05/2024,105,105.29,103.48,103.79,1432918
09/06/2024,104.15,104.38,103.21,103.28,1625336
09/09/2024,103.39,104.82,103.35,104.75,1409194
09/10/2024,104.88,105.62,104.38,104.97,1230950
09/11/2024,104.53,104.745,103.03,103.82,2024973
09/12/2024,103.71,104.575,103.25,103.39,1481849
09/13/2024,103.59,104.74,103.21,104.56,1244451
09/16/2024,105.04,105.82,104.76,104.85,1427377
09/17/2024,104.52,105.29,104,104.54,1275590
09/18/2024,104.38,104.88,102.55,103.41,1316016
09/19/2024,101.49,102.425,100.95,102.12,1738408
09/20/2024,102.23,103.565,101.9801,103.35,3133938
09/23/2024,103.68,104.44,103.29,104.02,1009031
09/24/2024,103.21,104.26,102.7,102.82,1030259
09/25/2024,103.25,103.44,102.27,103.16,1090152
09/26/2024,102.41,103.98,102.26,103.12,1321267
09/27/2024,103.47,104.59,103.41,104.05,1278760
09/30/2024,104.43,104.43,103.145,104.13,1331315
10/01/2024,104.25,105.59,103.56,105.15,1219818
10/02/2024,104.32,104.865,103.9502,104.45,938714
10/03/2024,104.81,104.81,103.58,104.02,854444
10/04/2024,102.79,103.34,102.27,103.15,935809
10/07/2024,102.7,102.7,100.94,101.14,1916616
10/08/2024,101.67,102.94,101.26,102.11,1283244
10/09/2024,101.96,102.93,101.671,102.37,1068865
10/10/2024,102.725,103.16,101.502,101.58,1137815
10/11/2024,101.91,102.35,101.665,102.32,1282664
10/14/2024,101.75,103.14,101.32,103.04,1681549
10/15/2024,104.82,106.41,104.575,105.45,2703027
10/16/2024,105.75,106.18,105.21,106.14,1616036
10/17/2024,106.44,106.45,105.005,105.66,1673286
10/18/2024,105.96,106.77,105.26,106.76,6033533
10/21/2024,106.79,107.1035,105.94,106.26,1347898
10/22/2024,105.63,105.99,104.64,105.7,1153460
10/23/2024,105.98,107.46,105.63,107.4,1606770
10/24/2024,107.38,107.75,106.69,107,1090785
10/25/2024,107.41,107.41,104.495,104.6,1406814
10/28/2024,104.98,105.375,104.761,104.81,1157854
10/29/2024,104.27,104.395,102.805,102.91,1377824
10/30/2024,103.14,103.395,102.195,102.72,1562325
10/31/2024,102.81,103.78,101.56,101.68,3490723
11/01/2024,102.01,102.06,99.57,100,2732956
11/04/2024,99.49,100.54,98.2,99.15,2039495
11/05/2024,99.01,99.85,98.35,99.82,1995779
11/06/2024,98.65,99.8,98.14,98.96,3634147
11/07/2024,99.02,99.69,97.24,97.58,2998554
11/08/2024,98.14,98.91,97.43,98.13,2770385
11/11/2024,97.63,98.965,97.59,98.48,1909880
11/12/2024,98.48,98.48,96.84,97.04,2552449
11/13/2024,96.79,96.88,94.89,95.41,2052572
11/14/2024,95.7,95.88,95.06,95.24,2001391
11/15/2024,95,96.49,95,96.44,2156473
11/18/2024,96.04,96.94,95.82,96.45,1762469
11/19/2024,96.46,97.08,95.32,96.97,1818154
11/20/2024,96.6,97.93,96.425,97.88,1889863
11/21/2024,97.93,98.71,97.35,98.7,1415916
11/22/2024,98.9,99.25,98.2,98.36,1134965
11/25/2024,98.46,99.48,98.1753,99.47,3467946
11/26/2024,99.72,101.81,99.5541,101.7,2352285
11/27/2024,102.31,102.645,101.42,101.58,1297028
11/29/2024,101.4,101.8,100.48,100.59,848540
12/02/2024,100.84,100.84,98.2,98.5,1834113
12/03/2024,99.38,99.38,97.52,97.53,1466489
12/04/2024,96.5,96.89,95.9,96.62,4734816
12/05/2024,96.69,97.3163,96.41,96.5,2366878
12/06/2024,96.5,96.675,94.32,94.82,2491759
12/09/2024,94.64,95.42,93.931,94.78,2332272
12/10/2024,94.64,94.99,93.24,94.69,1608579
12/11/2024,94.65,94.65,92.4,92.75,2225079
12/12/2024,93.44,93.735,92.415,92.61,1824676
12/13/2024,92.6,93.15,92.1,92.69,1775197
12/16/2024,92.57,92.8799,91.04,91.26,2755762
12/17/2024,90.81,91.92,90.43,90.84,2104209
12/18/2024,90.7,90.79,88.76,88.87,2592477
12/19/2024,88.68,90.245,88.37,89.07,2423247
12/20/2024,88.78,90.53,88.78,90.03,3722256
12/23/2024,89.89,89.89,88.79,89.67,1888276
12/24/2024,89.4,89.7334,89.095,89.58,649425
12/26/2024,89.23,90.13,89,89.59,1278501
12/27/2024,89,89.9561,88.83,89.56,1270627
12/30/2024,89.47,89.48,88.41,89.16,1334669
12/31/2024,89.3,89.64,88.59,89.23,1594399
01/02/2025,89.73,90.09,88.68,89.03,1476812
01/03/2025,89.13,89.85,88.74,89.24,1857928
01/06/2025,88.44,88.83,87.7,88.37,1926568
01/07/2025,88.7,89.17,87.72,88,2618397
01/08/2025,87.88,89.04,87.52,89.01,1622675
01/10/2025,88.22,89.11,87.79,88.15,2046765
01/13/2025,88.37,88.48,87.28,88.47,1680124
01/14/2025,88.47,89.58,88.26,89.37,2018099
01/15/2025,89.82,90.55,89.42,90.23,1906614
01/16/2025,90.05,92.23,90.02,92.22,1808076
01/17/2025,91.99,93.825,91.735,93.65,3339489
01/21/2025,93.87,94.96,92.89,93.21,2590976
01/22/2025,92.87,92.87,90.655,90.77,1666505
01/23/2025,91.24,91.44,90.345,90.76,1410410
01/24/2025,90.4,91.06,90.355,90.6,2452977
01/27/2025,91.96,96.07,91.77,94.89,3963440
01/28/2025,94.4,94.82,93.315,93.39,2422283
01/29/2025,93.4,93.85,92.29,92.57,1831989
01/30/2025,93.1,94.03,92.7,93.86,2220420
01/31/2025,93.55,94.24,93.24,93.74,5885624
02/03/2025,93.74,96.06,93.67,95.62,3091574
02/04/2025,94.6,95.4,93.64,94.91,2107542
02/05/2025,95.81,96.44,95.19,96.19,1808861
02/06/2025,96.3,96.335,94.815,95.42,1553028
02/07/2025,95.11,96.205,94.635,96.08,1470353
02/10/2025,96,96.83,95.235,96.7,1415958
02/11/2025,96.57,96.73,95.75,96.31,2832669
02/12/2025,95.39,95.605,93.52,94.57,3398686
02/13/2025,94.6,95.98,94.49,95.66,1732790
02/14/2025,96,96.39,94.89,94.92,1848104
02/18/2025,94.79,96.07,94.54,95.76,2475807
02/19/2025,94.89,95.94,94.5,95.26,1667490
02/20/2025,95.01,96,94.495,95.76,2553860
02/21/2025,96.06,99.34,95.87,98.26,4167961
02/24/2025,98.81,100.75,98.3001,99.68,2583101
02/25/2025,100.24,101.95,99.72,100.97,3354098
02/26/2025,100.19,100.425,99.1,99.96,2000888
02/27/2025,98.96,100.82,98.37,99.92,3200665
02/28/2025,101.11,101.64,99.825,101.52,4470478
03/03/2025,100.88,104.31,100.88,104.02,3451342
03/04/2025,104.8,105.86,102.11,102.15,3513685
03/05/2025,101.02,101.66,99.68,100.2,5088436
03/06/2025,100.24,101.6,98.97,100.91,4233321
03/07/2025,101.32,104.0813,100.78,103.64,2712140
03/10/2025,104.28,107.97,104,106.66,3399699
03/11/2025,106.23,106.66,103.7,103.77,2475452
03/12/2025,102.41,103.39,101.92,102.64,3172809
03/13/2025,103.47,105.35,103.345,104.57,2045551
03/14/2025,103.87,106.71,103.8,106.41,3625433
03/17/2025,106.41,108.43,105.96,107.62,3286546
03/18/2025,107.22,108.01,106.5367,107.81,2800287
03/19/2025,107.4,107.96,106.81,107.49,2081526
03/20/2025,107.78,108.62,107.03,108.48,1834736
03/21/2025,108.22,109.36,107.365,107.8,4173065
03/24/2025,107.22,108.3,106.81,106.83,1825059
03/25/2025,106.77,106.77,104.61,105.55,2479488
03/26/2025,105.87,107.78,105.27,107.46,1836112
03/27/2025,108,108.3925,107.235,107.89,1859144
03/28/2025,108.88,109.435,108.12,108.77,2392331
03/31/2025,109.61,111.11,109.0587,110.59,2920439
04/01/2025,110.19,110.68,109.13,110.06,2507642
04/02/2025,110.29,110.84,109.045,109.58,2015191
04/03/2025,112.43,113.45,111.3914,112.72,4175537
04/04/2025,114,114.87,108.12,109.32,6395885
04/07/2025,107.04,109.32,105.21,105.4,4405486
04/08/2025,106.83,108.265,104.83,106.05,2683063
04/09/2025,105.16,108.71,103.28,105.77,4912769
04/10/2025,106.48,109.49,105.57,108.3,3382289
04/11/2025,108.18,110.64,106.96,109.84,2617288
04/14/2025,109.28,112.445,108.9,112.25,2133340
04/15/2025,112.42,112.88,111.58,111.81,2314523
04/16/2025,112.63,112.98,111.06,111.44,2133038
04/17/2025,111.47,113.41,111.4,112.1,2055242
04/21/2025,111.89,112.15,109.98,110.96,2333943
04/22/2025,111.5,113.56,111.471,113.3,1833656
04/23/2025,112.23,113.1,111.34,112.52,2098373
04/24/2025,112.28,112.5,110.78,111.29,2389269
04/25/2025,111.38,111.48,109.75,110.45,2820849
04/28/2025,110.26,111.27,108.86,111.13,2938240
04/29/2025,110.95,112.38,110.315,112.13,2000418
04/30/2025,112.81,113.27,110.7,112.75,4940839
05/01/2025,112.9,113.46,111.535,112.56,3265519
05/02/2025,110.36,111.89,109.25,110.03,3421767
05/05/2025,110.34,110.6703,108.9,109.52,3225219
05/06/2025,109.84,111.34,109.03,110.47,2186858
05/07/2025,110.21,111.76,110.21,111.04,3555181
05/08/2025,110.65,110.9475,107.5,107.75,3652455
05/09/2025,108.2,108.2,107.0387,107.68,2248912
05/12/2025,105.63,106.6,102.95,103.54,3918415
05/13/2025,103.25,103.31,100.1,100.58,4495917
05/14/2025,99.265,99.6,97.78,99.27,3383905
05/15/2025,100.135,102.09,99.87,102.01,3497345
05/16/2025,102.03,104.43,101.7,104.29,2758882
05/19/2025,104.35,105.41,103.9,105.38,2047865
05/20/2025,105.05,106.08,105.01,105.71,2177662
05/21/2025,105.62,105.91,104.75,105.22,2741568
05/22/2025,104.98,104.98,102.95,103.42,2266069
05/23/2025,104.38,104.68,102.45,104.1,2116235
05/27/2025,104.27,104.48,103.47,103.97,2638922
05/28/2025,103.63,104.15,101.93,102.11,1945687
05/29/2025,101.69,103.73,101.475,103.38,2762859
05/30/2025,103.48,105.1,102.95,104.49,6398572
06/02/2025,103.64,104.81,103.155,103.86,2292241
06/03/2025,103.86,103.89,102.18,103.24,2316659
06/04/2025,103.23,103.8,101.8875,102.21,1845717
06/05/2025,102.5,102.5,101.27,102.27,2734457
06/06/2025,102.11,102.545,101.08,101.61,1694578
06/09/2025,101.36,101.98,100.58,101.11,1781808
06/10/2025,101.4,102.73,100.91,102.4,2311885
06/11/2025,102.19,102.7,101.8,102.55,2439137
06/12/2025,103.14,103.77,102.67,103.76,1902564
06/13/2025,103.94,105.28,103.695,103.96,3337359
06/16/2025,104,104.52,100.93,101.63,2737989
06/17/2025,101.61,101.76,100.5,101.35,2844894
06/18/2025,101.5,101.89,100.58,100.73,2620595
06/20/2025,100.67,101.82,100.51,100.97,7504224
06/23/2025,101.81,102.47,100.635,101.15,3957784
06/24/2025,100.67,101.34,100.07,100.19,2952898
06/25/2025,99.34,99.925,97.34,98.05,4397192
06/26/2025,98.31,98.69,97.9,98.41,2655622
06/27/2025,98.4,98.66,97.84,98.15,2880053
06/30/2025,98.825,100.43,98.6,100.35,2930483
07/01/2025,100.77,101.61,99.58,100.78,2749128
07/02/2025,100.4,101.28,99.09,99.92,2485839
07/03/2025,100.38,100.76,99.685,100.31,1316576
07/07/2025,100.3,100.4,99.245,99.71,1800719
07/08/2025,98.64,100,97.9,99.31,3451218
07/09/2025,99.4,100.35,99,99.97,2782533
07/10/2025,99.2,101.38,99.2,101.07,1851807
07/11/2025,100.46,101.31,99.83,100.59,1853687
07/14/2025,100.56,101.97,100.3,101.01,1409864
07/15/2025,100.38,100.71,99.49,99.95,1731322
07/16/2025,99.78,100.65,99.58,100.46,1865373
07/17/2025,100.14,100.97,99.935,100.6,2131709
07/18/2025,101,101.77,100.485,101.08,1813453
07/21/2025,101.04,102.81,101.01,102.07,1667769
07/22/2025,102.31,104.33,102.26,103.59,1663862
07/23/2025,103.37,103.9,101.955,102.55,2563086
07/24/2025,102.47,102.8,101.75,102.05,2467810
07/25/2025,101.97,102.645,101.485,102.26,1375737
07/28/2025,101.88,101.935,100.4744,100.98,1995248
07/29/2025,101.02,102.27,100.8,102.24,1265041
07/30/2025,102.14,103.66,101.76,102.59,1565213
07/31/2025,101.68,103.57,101.46,103.5,3483197
08/01/2025,104.61,105.1,103.56,104.44,2272580
08/04/2025,104.45,105.69,104.19,105.36,2345153
08/05/2025,105.12,106.01,104.18,104.18,2515949
08/06/2025,104.16,105.21,103.76,104.15,1993167
08/07/2025,103.55,105.58,103.5,105,2577713
08/08/2025,106.16,106.16,103.86,104.48,2796477
08/11/2025,104.45,104.67,103.14,104.12,2357182
08/12/2025,104.11,104.375,102.69,103.69,2578774
08/13/2025,102.86,103.66,102.2427,103.66,2728415
08/14/2025,103.45,103.655,102.52,102.86,2171761
08/15/2025,100.13,102.2,100.13,100.77,3098753
08/18/2025,100.85,100.97,99.72,99.74,2789322
08/19/2025,99.88,101.18,99.5948,101.1,3948355
08/20/2025,101.97,103.08,101.225,101.76,3216440
08/21/2025,101.56,102.295,101.12,101.5,2282712
08/22/2025,102.2,102.75,100.83,101.65,2753050
08/25/2025,101.16,101.4727,99.71,99.95,2498894
08/26/2025,100.04,100.46,99.38,99.72,3309463
08/27/2025,99.88,100.33,99.52,100.07,4313818
08/28/2025,99.85,99.97,97.88,98.17,2400163
08/29/2025,98.27,98.545,98.01,98.23,4220120
09/02/2025,98.29,98.29,96.55,97.2,3019315
09/03/2025,96.95,97.89,96.61,97.85,4306674
09/04/2025,98.6,98.81,97.345,97.8,2033303
09/05/2025,97.97,98.3098,97.345,98.05,1724666
09/08/2025,97.91,98.15,96.22,96.65,2189394
09/09/2025,96.28,97.35,96.15,96.98,1282697
09/10/2025,97.07,97.34,96.46,97.08,1603960
09/11/2025,96.97,97.775,96.51,97.7,1689992
09/12/2025,97.57,98.5638,97.1,97.55,1249463
09/15/2025,97.6,97.625,96.79,97,1351898
09/16/2025,96.51,96.88,95.26,95.57,2116706
09/17/2025,96.29,97.3,96.145,96.4,1879757
09/18/2025,95.74,96.91,95.69,96.35,1815705
09/19/2025,96.54,96.91,95.9,96.33,4091681
09/22/2025,96.38,96.95,95.97,96.62,1938992
09/23/2025,96.36,98.64,96.3,98.55,2204294
09/24/2025,98.29,99.27,98.29,98.81,1611788
09/25/2025,99.5,99.85,98.225,98.35,1848471
09/26/2025,98.74,99.92,98.19,99.62,1947302
09/29/2025,99.57,99.79,98.76,99.57,1875302
09/30/2025,99.58,100.76,99.1,100.52,2199219
10/01/2025,100.22,100.57,98.05,98.17,2301874
10/02/2025,98.18,98.46,97.31,97.64,1449485
10/03/2025,97.67,99.28,97.61,98.81,1676205
10/06/2025,98.67,99.35,98.42,99.33,1769805
10/07/2025,99.16,100.36,98.385,100.04,1722042
10/08/2025,100.21,100.9,99.7125,100.83,1570590
10/09/2025,101.27,102.28,100.77,100.8,1816124
10/10/2025,101.48,102.71,100.88,102.39,2059205
10/13/2025,102.1,102.49,100.15,100.86,1515680
10/14/2025,101.71,102.7,101.33,101.89,1423256
10/15/2025,101.68,102.805,101.6,102.29,1556615
10/16/2025,102.68,103.14,100.98,101.07,1558806
10/17/2025,101.4,101.73,100.43,101.19,1597575
10/20/2025,101.72,101.94,100.85,101.72,1129321
10/21/2025,101.72,102,100.89,101.56,1116965
10/22/2025,101.5,103.1,100.87,101.94,1508989
10/23/2025,102.66,102.66,100.0701,100.77,1302838
10/24/2025,100.49,101.06,99.84,100.04,1036366
10/27/2025,99.31,100.47,99.075,100.22,1537561
10/28/2025,99.7,99.955,98.5275,98.55,1156747
10/29/2025,98.48,98.855,96.88,97,1804147
10/30/2025,97.31,98.85,97.07,98.19,2073284
10/31/2025,97.24,97.79,96.11,97.41,2770794
11/03/2025,96.8,96.9499,95.5,96.64,1692176
11/04/2025,97.78,98,97.04,97.96,1614634
11/05/2025,98,98.62,95.65,96.11,2273863
11/06/2025,96.97,98.38,96.495,96.99,3064515
11/07/2025,97.68,99.875,97.25,98.52,2924446
11/10/2025,98.06,98.86,97.41,98.24,2188924
11/11/2025,98.64,99.77,98.15,99.59,1779798
11/12/2025,99.3,100.27,98.965,100.19,1340259
11/13/2025,100.2,101.19,99.12,100.95,1977816
11/14/2025,101.69,102.55,100.9,101.66,2443256
11/17/2025,102.22,103.98,101.75,103.85,3007831
11/18/2025,103.54,104.079,102.805,102.91,2585563
11/19/2025,102.11,102.11,100.14,100.38,3059734
11/20/2025,100.26,101.38,99.93,100.95,2462396
11/21/2025,101.48,103.28,99.55,100.16,4721989
11/24/2025,100.325,100.3488,98.715,98.92,7708010
11/25/2025,99.85,100.29,98.63,98.85,2127188
11/26/2025,99.22,100.29,98.845,100.14,1305669
11/28/2025,100.58,100.89,100.03,100.36,1063335
12/01/2025,99.74,100.24,97.72,97.88,2744812
12/02/2025,97.92,98.1336,96.78,96.87,2753150
12/03/2025,97.46,98.19,96.17,96.45,1762033
12/04/2025,96.39,97.34,95.89,96.22,2303530
12/05/2025,96,96.91,95.955,96.6,1775844
12/08/2025,96.57,96.57,94.96,95.45,2089307
12/09/2025,95.83,96.71,95.56,95.82,1823336
12/10/2025,95.64,96.16,95.19,95.41,1848956
12/11/2025,95.67,97.24,95.39,95.64,1396780
12/12/2025,95.67,98,95.45,97.53,2638227
12/15/2025,97.67,99.48,97.4866,99.39,2388088
12/16/2025,99.55,99.655,98.72,98.9,2321135
12/17/2025,98.64,100.33,98.51,100.21,2330732
12/18/2025,99.83,100.24,99,99.99,2345340
12/19/2025,100.06,100.06,98.06,98.06,4366286
12/22/2025,97.5,98.775,97.1101,98.57,1526222
12/23/2025,98.69,99.33,98.33,98.95,1484346
12/24/2025,99.15,99.57,98.85,99.53,522559
12/26/2025,99.28,99.77,98.92,99.3,611485
12/29/2025,99.48,100.0799,99.2,99.54,1646826
12/30/2025,99.61,100.17,99.325,99.89,1019883
12/31/2025,99.84,100.025,99.23,99.32,1218242
01/02/2026,99.63,100.6005,98.52,99.99,1441121
01/05/2026,99.48,99.48,96.96,98.5,2112395
01/06/2026,98.71,99.55,98.17,99.32,1643792
01/07/2026,99.7,100.17,98.87,99.37,1638957
01/08/2026,99.3,101.27,99.055,100.18,1717623
01/09/2026,100.17,101,99.2,99.21,1354245
01/12/2026,99.58,100.68,98.38,98.83,1987289
01/13/2026,98.34,100.26,98.24,100.21,2073342
01/14/2026,100.3,102.02,100.085,101.47,1963060
01/15/2026,101.36,102.78,101.319,102.58,1813479
01/16/2026,102.06,103.95,101.88,103.81,2201908
01/20/2026,104.01,105.1,103.545,105.05,2525970
01/21/2026,105.21,105.62,103.08,103.84,2386632
01/22/2026,103.6,104.48,101.25,103.18,3486387
01/23/2026,103.4,104.18,102.97,103.87,2105642
01/26/2026,104.43,105.605,104.185,104.59,1208858
01/27/2026,104.25,105.48,104.07,105.35,1345489
01/28/2026,105.71,106.47,104.84,105.18,1399663
01/29/2026,105.53,106.735,105.023,105.96,1788075
01/30/2026,106.18,106.85,105.08,106.63,1873587
02/02/2026,107.24,107.39,104.48,105.42,2286482
02/03/2026,105.63,107.82,104.97,107.45,1988627
02/04/2026,108.1,109.57,107.51,108.38,2463148
02/05/2026,109.27,110.13,108.5,108.87,1811491
02/06/2026,109.56,110.6,106.7,107.34,2743754
02/09/2026,107.29,108,106.1,106.68,1294322
02/10/2026,107.14,109.57,106.53,108.43,2368103
02/11/2026,108.11,109.98,107.65,109.87,1354491
02/12/2026,110,112.915,109.45,111.72,1523235
02/13/2026,111.77,114.02,110.98,113.72,2275122
02/17/2026,114.61,115.25,113.06,113.92,2565528
02/18/2026,112.84,113.26,111.05,111.61,1844855
02/19/2026,112.24,112.93,111.47,111.92,2764709
02/20/2026,114,114,109.06,109.81,3485381
02/23/2026,111.01,113.01,110,112.14,2649348.2
02/24/2026,110.26,111.44,110,111.01,6871342
02/25/2026,111.21,111.52,109.9,111,2679183.2
02/26/2026,111.61,111.81,110.55,110.76,2713262
02/27/2026,111.68,112.95,111.02,112.52,5310692.5
03/02/2026,112.48,113.75,111.875,112.06,2699161.8
03/03/2026,111.5,113.31,109.89,112.36,2740367.2
03/04/2026,112.37,112.7,110.62,112.49,2267090.5
03/05/2026,111.99,112.2,110.25,110.71,2705764.5
03/06/2026,110.98,112.555,110,112.28,2341746
03/09/2026,112.54,112.75,111.09,111.8,2255756
03/10/2026,111.35,112.26,110.685,111.3,1615837.8
03/11/2026,111.2,111.98,110.65,111.74,1438211.2
03/12/2026,111.73,114.4,111.21,113.13,1748417.5
03/13/2026,114.16,115.37,113.55,114.88,1762731.1
03/16/2026,115.62,115.75,114.3208,115.46,2851096.2
03/17/2026,116.1,116.23,114.66,114.9,1792383.2
03/18/2026,114.57,114.76,113.37,113.53,1175114.1
03/19/2026,113.62,113.881,111.38,111.69,1764437.4
03/20/2026,111.82,111.9686,108.82,109.45,4149957.5
03/23/2026,110.83,110.83,108.805,109.11,1735271.5
03/24/2026,108.99,111.19,108.48,109.88,1505246.6
03/25/2026,110.21,111.13,109.33,110.03,1927185.1
03/26/2026,110.23,112.085,109.968,111.52,1501148.6
03/27/2026,111.78,112.09,110.9,111.68,1776467.9
