12/01/2022,21.5,21.5,21.42,21.43,4543
12/02/2022,21.49,21.5,21.41,21.5,4500
12/05/2022,21.71,21.71,21.1525,21.39,16197
12/06/2022,21.5,21.5,20.89,21.11,19783
12/07/2022,21.09,21.465,21.0805,21.14,4401
12/08/2022,21.26,21.385,20.8755,21.225,11070
12/09/2022,21.3,21.39,21.2394,21.25,4758
12/12/2022,21.14,21.3,21.1101,21.2,3862
12/13/2022,21.3792,21.4,21.17,21.4,8483
12/14/2022,21.29,21.47,21.29,21.37,7981
12/15/2022,21.11,21.315,21.05,21.05,23292
12/16/2022,20.98,21.19,20.73,20.74,8258
12/19/2022,20.9,21.175,20.68,20.74,7485
12/20/2022,20.63,21.17,20.37,21,28070
12/21/2022,21.21,21.21,20.96,21.06,8763
12/22/2022,21.1699,21.1699,20.9,20.95,4831
12/23/2022,20.9647,21.1,20.87,20.93,5330
12/27/2022,20.8874,20.965,20.75,20.84,8894
12/28/2022,20.89,21.05,20.665,20.68,5422
12/29/2022,20.84,20.9,20.755,20.82,23658
12/30/2022,20.9,20.9,20.715,20.87,6825
01/03/2023,20.73,20.9,20.67,20.75,13647
01/04/2023,20.8244,20.85,20.64,20.65,7931
01/05/2023,20.2585,20.76,20.13,20.61,2372
01/06/2023,20.7881,20.82,20.49,20.72,5493
01/09/2023,20.66,20.74,20.55,20.55,2789
01/10/2023,20.44,20.85,20.44,20.81,5458
01/11/2023,20.55,20.9,20.55,20.84,10441
01/12/2023,20.84,20.865,20.805,20.84,7609
01/13/2023,20.7934,20.7934,20.62,20.62,2052
01/17/2023,20.72,20.72,20.6,20.6,2731
01/18/2023,20.5,20.715,20.25,20.6,10446
01/19/2023,20.085,20.54,19.9,20.48,13826
01/20/2023,20.6,20.78,20.6,20.69,18410
01/23/2023,20.68,20.7,20.52,20.66,9375
01/24/2023,20.69,20.7,20.47,20.7,5454
01/25/2023,20.64,20.72,20.6,20.72,5623
01/26/2023,20.7,20.7,20.1925,20.49,5326
01/27/2023,20.42,20.42,20.2,20.33,8631
01/30/2023,20.27,20.35,20.22,20.35,7666
01/31/2023,20.23,20.5,20.23,20.5,14852
02/01/2023,20.5,21.02,20.5,21.02,16847
02/02/2023,20.88,21.13,20.66,20.66,19715
02/03/2023,20.79,21.11,20.62,20.77,15973
02/06/2023,20.71,20.76,20.535,20.56,10460
02/07/2023,20.53,20.7,20.51,20.52,10665
02/08/2023,20.49,20.6,20.3,20.56,4211
02/09/2023,20.47,20.475,20,20,4910
02/10/2023,20.24,20.4,20.05,20.12,9194
02/13/2023,20,20.445,20,20.31,7513
02/14/2023,20.27,20.46,20.1,20.28,8652
02/15/2023,20.605,20.605,20.19,20.19,4494
02/16/2023,20.28,20.28,19.94,20.01,7998
02/17/2023,20.08,20.28,20,20.28,9013
02/21/2023,20.175,20.2425,20.1138,20.195,5912
02/22/2023,20.13,20.265,20.06,20.13,5865
02/23/2023,20.0887,20.16,20.04,20.16,6092
02/24/2023,20,20,19.8,19.8,5719
02/27/2023,20.15,20.15,19.75,19.84,9915
02/28/2023,19.77,19.77,19.57,19.6,8383
03/01/2023,19.52,19.52,19.44,19.44,5562
03/02/2023,19.48,19.64,19.37,19.46,6051
03/03/2023,19.35,19.35,19.08,19.1,31278
03/06/2023,19,19,18.74,18.95,11010
03/07/2023,19.02,19.02,18.83,18.95,28950
03/08/2023,18.76,18.99,18.76,18.99,9537
03/09/2023,18.86,18.87,18.64,18.84,38979
03/10/2023,18.51,18.78,18.081,18.69,26063
03/13/2023,18.52,18.6923,16.62,17.14,32486
03/14/2023,17.39,18.49,17.39,17.46,22479
03/15/2023,17.38,17.38,16.07,16.29,35635
03/16/2023,16.24,17.23,16.12,17.23,35620
03/17/2023,17.22,17.28,16.11,16.11,28838
03/20/2023,16.26,16.4984,15.82,15.82,15383
03/21/2023,15.89,16.47,15.89,16.365,11054
03/22/2023,16.26,16.26,15.71,15.71,16342
03/23/2023,15.77,16.2198,15.1,15.21,19442
03/24/2023,15.35,16.08,15.34,15.7,19789
03/27/2023,15.88,16.39,15.88,16,5799
03/28/2023,16,16,15.485,15.79,8907
03/29/2023,15.25,16.2324,15.25,15.6,11495
03/30/2023,15.67,15.67,15.47,15.47,10978
03/31/2023,15.64,15.9899,15.47,15.72,12858
04/03/2023,15.91,16.23,15.7716,16.08,9314
04/04/2023,16.01,16.0599,15.735,15.91,6875
04/05/2023,15.84,16.03,15.72,15.89,8276
04/06/2023,15.82,16.01,15.81,15.81,7024
04/10/2023,15.81,16.08,15.73,15.91,6700
04/11/2023,15.83,16.105,15.8,16.01,14286
04/12/2023,16,16.05,15.92,15.95,6234
04/13/2023,15.86,16.09,15.85,16.03,7613
04/14/2023,16.08,16.08,15.81,15.84,7691
04/17/2023,15.8,16.06,15.7,15.87,23265
04/18/2023,15.9,15.98,15.8,15.83,5434
04/19/2023,15.89,16,15.62,15.67,25346
04/20/2023,15.64,15.77,15.64,15.77,3134
04/21/2023,15.72,15.81,15.65,15.75,5253
04/24/2023,15.74,15.85,15.5263,15.56,12042
04/25/2023,15.5,15.5,15.2,15.39,34992
04/26/2023,15.89,15.89,15.35,15.47,11419
04/27/2023,15.6,16.145,15.51,15.86,10884
04/28/2023,15.72,16.13,15.72,16.09,13713
05/01/2023,15.96,15.99,15.75,15.81,8363
05/02/2023,15.36,15.45,14.4154,14.83,40082
05/03/2023,14.43,15.025,14.26,14.49,24716
05/04/2023,14.55,14.55,13.77,14,23838
05/05/2023,14.14,14.59,13.8829,14.18,23661
05/08/2023,14.27,14.75,13.91,13.91,15027
05/09/2023,13.94,13.95,13.2562,13.88,12590
05/10/2023,13.72,13.72,13.2901,13.65,8513
05/11/2023,13.5368,13.66,13.5,13.5,4042
05/12/2023,13.77,13.77,13.06,13.12,21559
05/15/2023,13.21,13.2916,13.01,13.07,7532
05/16/2023,13.15,13.15,12.8,12.8,14169
05/17/2023,12.98,13.21,12.79,13.125,30501
05/18/2023,13.6,14.1899,13.01,13.05,30003
05/19/2023,12.9,13.11,12.85,13.1,21275
05/22/2023,13.24,13.45,13.12,13.4,14421
05/23/2023,13.4,13.88,13.4,13.76,32536
05/24/2023,13.81,14.17,13.8,14.1,27995
05/25/2023,14,14.11,13.8,13.95,15826
05/26/2023,14.09,14.41,13.905,14.32,13402
05/30/2023,14.32,14.94,14.32,14.77,15864
05/31/2023,14.71,14.88,14.575,14.68,18952
06/01/2023,14.74,14.9799,14.68,14.74,15088
06/02/2023,14.6885,15.23,14.6885,15.23,20837
06/05/2023,15.12,15.97,15.12,15.56,18509
06/06/2023,15.9999,16,15.58,15.69,27524
06/07/2023,16,16.68,15.785,16.5,18676
06/08/2023,16.5,16.585,16.29,16.38,32752
06/09/2023,16.52,16.64,16.25,16.38,25231
06/12/2023,16.365,16.39,16.07,16.29,20953
06/13/2023,16.28,16.4,16.11,16.12,26017
06/14/2023,16.02,16.3247,15.8755,15.92,24152
06/15/2023,15.84,15.9,15.51,15.78,25843
06/16/2023,15.89,15.935,15.24,15.71,51659
06/20/2023,15.67,16.07,15.35,15.92,40274
06/21/2023,15.92,16.1,15.59,15.89,48094
06/22/2023,15.76,16.075,15.66,15.95,38366
06/23/2023,16.05,16.1,15.64,15.85,941060
06/26/2023,15.78,15.905,15.51,15.51,36992
06/27/2023,15.64,15.64,14.91,14.93,38092
06/28/2023,15.02,15.02,13.91,14.91,26525
06/29/2023,14.75,15.3,14.75,14.95,24046
06/30/2023,15.05,15.5548,14.86,14.95,30535
07/03/2023,14.96,15.21,14.8155,15.17,5961
07/05/2023,15.16,15.325,14.945,15.13,14112
07/06/2023,15.1,15.1,14.6501,14.86,32898
07/07/2023,14.92,15.14,14.79,14.93,44240
07/10/2023,14.67,15.02,14.41,14.67,16178
07/11/2023,14.66,14.85,14.42,14.59,26274
07/12/2023,14.77,14.98,14.77,14.89,16690
07/13/2023,14.83,15.105,14.83,14.93,10620
07/14/2023,15.05,15.8,14.9245,15.03,12341
07/17/2023,15.08,15.08,14.83,15,36512
07/18/2023,15.03,15.78,14.8239,15.61,23463
07/19/2023,15.66,16,15.66,16,27032
07/20/2023,15.97,16.23,15.415,16.2,43743
07/21/2023,16.24,16.24,15.765,15.96,20362
07/24/2023,15.96,16.25,15.65,16.24,13107
07/25/2023,16.23,16.49,16,16.12,23780
07/26/2023,16.3,16.66,16.19,16.59,20498
07/27/2023,16.68,16.92,16.5,16.73,20486
07/28/2023,16.75,17.22,16.65,16.74,31624
07/31/2023,16.88,16.99,16.45,16.62,19651
08/01/2023,16.67,16.81,16.41,16.74,10636
08/02/2023,16.72,17.16,16.46,17.04,14007
08/03/2023,16.92,17.315,16.75,17.03,31906
08/04/2023,17.09,17.485,16.87,16.94,7770
08/07/2023,17.06,17.37,16.92,17.27,14853
08/08/2023,17.25,17.73,17.08,17.36,27097
08/09/2023,17.5,18.11,17.26,17.31,11904
08/10/2023,17.45,17.45,17.2,17.26,9604
08/11/2023,17.56,17.57,17.2,17.33,10969
08/14/2023,17.38,17.38,16.85,16.85,11699
08/15/2023,16.91,16.91,16.43,16.51,14088
08/16/2023,16.58,16.9,16.28,16.45,10192
08/17/2023,16.5,16.88,16.42,16.51,13580
08/18/2023,16.39,16.9,16.38,16.69,11298
08/21/2023,16.63,16.87,16.525,16.77,9810
08/22/2023,16.55,16.5856,16.1,16.22,11563
08/23/2023,16.22,16.59,16,16.28,15127
08/24/2023,16.23,16.42,15.92,15.92,16480
08/25/2023,16,16.33,15.85,16.27,23547
08/28/2023,16.12,16.61,16.009,16.61,10841
08/29/2023,16.47,17.1,16.47,16.995,12136
08/30/2023,16.9,16.9,16.28,16.31,11649
08/31/2023,16.39,16.39,15.91,15.91,11360
09/01/2023,16.11,16.1442,14.5614,16.01,8259
09/05/2023,16.18,16.18,15.75,15.75,8073
09/06/2023,15.85,15.85,15.22,15.34,13127
09/07/2023,15.29,15.29,15.02,15.05,49738
09/08/2023,15.3,15.49,15.3,15.49,11406
09/11/2023,15.5,15.51,15.1512,15.35,34584
09/12/2023,15.34,15.52,15,15.08,19329
09/13/2023,14.97,15.2499,14.6602,14.87,44567
09/14/2023,14.78,15.03,14.76,14.95,27974
09/15/2023,14.91,15.79,14.6575,15.42,96642
09/18/2023,15.42,15.7,15.19,15.19,13962
09/19/2023,15.28,15.5,15.02,15.36,11025
09/20/2023,15.51,15.58,15.35,15.41,12977
09/21/2023,15.4,15.48,15.11,15.2,15051
09/22/2023,15.33,15.47,15.2,15.25,28484
09/25/2023,16,16.05,15.41,15.6,10215
09/26/2023,15.79,15.79,15.41,15.45,24078
09/27/2023,16.09,16.09,15.19,15.19,20647
09/28/2023,15.2,15.38,14.79,14.93,13777
09/29/2023,14.95,15.34,14.7505,15.01,14031
10/02/2023,15.03,15.1933,14.57,14.75,11621
10/03/2023,14.77,14.99,14.445,14.86,13596
10/04/2023,15.03,15.105,14.95,15.03,9350
10/05/2023,15,15.47,15,15.46,18284
10/06/2023,15.5,15.73,15.47,15.53,9699
10/09/2023,15.53,15.84,15.3,15.31,17186
10/10/2023,15.32,15.505,15.078,15.23,10662
10/11/2023,15.24,15.61,15.2142,15.56,5169
10/12/2023,15.35,15.6,15.35,15.59,10336
10/13/2023,15.67,15.67,15.015,15.15,14644
10/16/2023,15.13,15.3,14.96,14.96,14132
10/17/2023,15.01,15.29,15.01,15.06,13331
10/18/2023,14.78,14.99,14.5,14.56,13937
10/19/2023,14.68,14.79,14.5,14.5,8109
10/20/2023,14.56,14.71,14.42,14.52,9598
10/23/2023,14.55,14.76,14.51,14.61,19539
10/24/2023,14.51,14.77,14.39,14.53,9743
10/25/2023,14.38,14.8,14.3,14.56,11645
10/26/2023,14.79,15.82,14.49,15.82,23991
10/27/2023,15.9,16,15.0555,15.16,22494
10/30/2023,15.3466,16.64,15.3466,16.43,20074
10/31/2023,16.5,17,16,16.65,23560
11/01/2023,16.65,16.65,16,16.03,12526
11/02/2023,16.27,16.62,15.6286,16.41,232063
11/03/2023,16.65,16.65,16.26,16.48,15494
11/06/2023,16.37,16.5,16.16,16.26,10267
11/07/2023,16.25,16.37,15.96,16.02,11565
11/08/2023,15.93,15.93,15.18,15.6,12666
11/09/2023,15.58,15.82,15.32,15.69,14737
11/10/2023,15.83,15.99,15.75,15.89,13097
11/13/2023,15.87,16,15.75,15.89,6955
11/14/2023,16,16.65,15.88,16.55,58408
11/15/2023,16.61,16.65,16.33,16.41,12608
11/16/2023,16.57,16.65,16.0042,16.51,5127
11/17/2023,16.64,16.65,16.44,16.48,18523
11/20/2023,16.3,16.5,16.1063,16.49,8802
11/21/2023,16.5,16.5,16.41,16.41,8539
11/22/2023,16.43,16.4375,16.42,16.42,3311
11/24/2023,16.5,16.65,16.45,16.65,3531
11/27/2023,16.74,17.2,16.2731,16.93,11588
11/28/2023,16.98,16.99,16.82,16.82,7663
11/29/2023,16.9,16.9,16.75,16.84,10418
11/30/2023,17.0901,17.1135,16.46,16.69,11593
12/01/2023,16.39,16.85,16.35,16.7,41021
12/04/2023,16.55,17.47,16.55,17.47,6912
12/05/2023,17.54,17.54,17.22,17.28,6859
12/06/2023,17.02,17.77,16.91,17.11,7380
12/07/2023,17.21,17.55,17.1,17.55,105950
12/08/2023,17.55,18.5,17.43,18.29,13678
12/11/2023,18,18.2,17.82,17.96,12545
12/12/2023,18.3,18.54,18.2,18.2,6279
12/13/2023,18.33,19.84,18.1,18.63,80309
12/14/2023,18.92,19.89,18.88,19.1,20647
12/15/2023,19.44,19.89,18.785,19.5,91279
12/18/2023,19.49,19.845,19.015,19.02,34753
12/19/2023,19.15,19.5,18.69,19.41,32787
12/20/2023,19.41,20.22,19.41,19.57,28912
12/21/2023,19.72,20.57,19.72,19.9,17279
12/22/2023,20.8699,20.8699,19.25,19.84,29835
12/26/2023,19.43,20.435,19.43,19.91,17964
12/27/2023,19.8811,20.55,19.8811,20.3,10482
12/28/2023,20.01,20.5,20.0005,20.23,19308
12/29/2023,20.4,20.5,20.02,20.02,9671
01/02/2024,19.6,20.5,19.6,20.47,36262
01/03/2024,20.46,20.5,19.51,19.62,20458
01/04/2024,19.77,20,19.75,19.8,17863
01/05/2024,19.75,20.245,19.75,19.97,43957
01/08/2024,19.99,19.99,19.8,19.89,7463
01/09/2024,19.61,19.94,19.61,19.88,18567
01/10/2024,19.88,19.88,19.35,19.36,27201
01/11/2024,19.03,19.28,19.03,19.25,8946
01/12/2024,19.36,19.39,19.08,19.33,5864
01/16/2024,19.2,19.2,18.75,18.75,6945
01/17/2024,18.54,18.94,16.69,18.61,10272
01/18/2024,18.59,19.31,18.59,18.8,11890
01/19/2024,18.97,19.47,18.97,19.44,4740
01/22/2024,19.88,19.88,19.65,19.75,5749
01/23/2024,19.89,20.17,19.8,19.85,22411
01/24/2024,19.71,20.16,19.71,19.87,12933
01/25/2024,20.18,20.4193,19.95,20.27,13168
01/26/2024,20.49,20.49,20.1655,20.35,7685
01/29/2024,19.96,20.16,19.85,19.85,32133
01/30/2024,19.85,19.9,19.85,19.9,6415
01/31/2024,19.8,19.8,19.01,19.01,12257
02/01/2024,19.0927,19.35,18.68,19.34,13968
02/02/2024,18.79,19.01,18.1553,18.65,9671
02/05/2024,18.5,19,18,18.4,33224
02/06/2024,18.59,18.8,18.335,18.63,19343
02/07/2024,18.51,18.51,17.43,17.83,24100
02/08/2024,17.79,17.985,17.7,17.81,18831
02/09/2024,18.08,18.23,17.81,17.93,9031
02/12/2024,17.89,18.77,17.89,18.24,12354
02/13/2024,17.81,18.19,17.33,17.33,27219
02/14/2024,17.22,17.9175,17.16,17.89,11037
02/15/2024,18,18.7,18,18.64,13485
02/16/2024,18.58,18.805,18.58,18.65,10618
02/20/2024,18.44,18.47,17.51,17.55,13277
02/21/2024,17.03,18.05,17.03,17.37,11758
02/22/2024,17.24,17.66,17.24,17.66,15250
02/23/2024,17.7544,17.9,17.7,17.9,8933
02/26/2024,17.69,17.806,17.69,17.76,5276
02/27/2024,17.5,17.675,17.26,17.26,12052
02/28/2024,17.15,17.3255,17.15,17.19,6703
02/29/2024,17.42,17.535,17.2,17.36,6268
03/01/2024,17.59,17.59,17.28,17.28,7320
03/04/2024,17.505,17.555,17.36,17.48,8840
03/05/2024,17.62,17.69,17.55,17.65,8729
03/06/2024,17.65,17.77,17.65,17.7,10127
03/07/2024,17.75,17.77,17.7,17.77,7152
03/08/2024,18.01,18.61,17.88,17.88,6514
03/11/2024,17.7,18.17,17.7,17.7,6720
03/12/2024,17.7,17.72,17.7,17.7,6410
03/13/2024,17.7,17.85,17.7,17.85,11810
03/14/2024,17.89,17.89,17.18,17.2,15132
03/15/2024,17.1,18.44,17.1,18.44,60264
03/18/2024,18.42,18.42,17.58,17.58,16523
03/19/2024,17.8363,17.8363,17.05,17.05,20944
03/20/2024,17,17.73,16.6416,17.73,10741
03/21/2024,17.86,18.27,17.7,18.27,13049
03/22/2024,18.135,18.39,17.875,17.88,9335
03/25/2024,18.11,18.2215,17.15,17.3,35997
03/26/2024,17.13,17.13,17.08,17.08,4474
03/27/2024,16.75,17.92,16.75,17.86,13146
03/28/2024,17.98,18.23,17.5,18.23,8990
04/01/2024,17.945,18.29,17.65,17.81,6208
04/02/2024,18.1195,18.1195,17.265,17.49,8933
04/03/2024,17.33,17.35,16.4917,16.89,10364
04/04/2024,17.12,17.38,17.12,17.38,9423
04/05/2024,17.3325,17.6199,17.16,17.23,3030
04/08/2024,17.18,17.55,17.18,17.43,5858
04/09/2024,17.35,17.45,17.35,17.45,2238
04/10/2024,17,17,16.25,16.56,8352
04/11/2024,16.62,16.79,16.4317,16.57,13620
04/12/2024,16.5,16.65,15.87,16.075,11302
04/15/2024,16,17.32,16,17.21,26473
04/16/2024,17.19,17.34,16.85,16.85,3881
04/17/2024,16.87,16.87,16.58,16.65,6018
04/18/2024,16.42,16.7,16.41,16.665,11798
04/19/2024,16.5,16.94,16.5,16.91,6993
04/22/2024,16.98,16.98,15.88,16,31478
04/23/2024,16.25,16.395,16.19,16.32,14983
04/24/2024,16.33,16.87,16.09,16.85,16172
04/25/2024,16.9,16.9,15.2939,16.275,13049
04/26/2024,15.61,16.6,15.61,16.6,3830
04/29/2024,16.5,16.53,16.21,16.21,3454
04/30/2024,16.26,16.32,16.03,16.2,7698
05/01/2024,16.2,16.95,16.2,16.95,9419
05/02/2024,16.9,16.9,16.6,16.69,8094
05/03/2024,16.8,17.2,16.8,17.2,5530
05/06/2024,17,17,16.6839,16.76,9199
05/07/2024,16.85,17,16.84,16.85,11446
05/08/2024,17,17.01,17,17.01,4426
05/09/2024,17.01,17.17,16.75,17.17,15092
05/10/2024,17.015,17.34,16.98,17.34,4743
05/13/2024,17.43,17.541,17,17,7342
05/14/2024,17.05,17.2347,17,17.12,4844
05/15/2024,17.2001,17.37,17.12,17.32,8239
05/16/2024,17.38,17.79,17.35,17.78,8140
05/17/2024,17.81,17.81,17.28,17.81,5174
05/20/2024,17.5,17.77,17.5,17.5,4318
05/21/2024,18.125,18.125,17.46,17.81,3005
05/22/2024,17.74,17.88,17.5,17.75,5394
05/23/2024,17.875,17.875,17.605,17.61,7190
05/24/2024,17.63,17.72,17.52,17.72,4805
05/28/2024,17.88,17.88,17.35,17.48,7615
05/29/2024,17.19,17.25,16.75,16.75,15328
05/30/2024,16.903,17.33,16.903,17.33,4628
05/31/2024,17.34,17.34,17.22,17.22,3663
06/03/2024,17.03,17.03,16.8,16.92,11473
06/04/2024,16.8,17.0456,16.8,17.02,5592
06/05/2024,16.83,16.97,16.8,16.97,10160
06/06/2024,16.91,16.91,16.82,16.91,3317
06/07/2024,16.75,16.75,16.64,16.64,3133
06/10/2024,16.5,16.575,16.3,16.3,11432
06/11/2024,16.25,16.38,16.18,16.38,11983
06/12/2024,16.63,16.83,16.63,16.83,6090
06/13/2024,16.84,16.84,16.84,16.84,2829
06/14/2024,16.72,16.75,16.35,16.7,8896
06/17/2024,16.52,16.6,16.325,16.6,7835
06/18/2024,16.86,17,16.85,16.87,7761
06/20/2024,16.875,16.97,16.875,16.97,2570
06/21/2024,16.97,16.97,16.55,16.82,35911
06/24/2024,16.6601,16.7,16.6601,16.7,4154
06/25/2024,16.69,16.69,16.5,16.5,5737
06/26/2024,16.5,16.65,16.25,16.25,18264
06/27/2024,16.38,16.74,16.31,16.65,11293
06/28/2024,16.65,17.6,16.6,17.59,121674
07/01/2024,17.77,17.77,17.29,17.34,11895
07/02/2024,17.345,17.91,17.345,17.56,7987
07/03/2024,17.74,17.74,17.6,17.6,2700
07/05/2024,17.73,17.73,16.96,17.02,22258
07/08/2024,17.04,17.345,17.04,17.3,5336
07/09/2024,17.35,17.4025,17.18,17.18,2185
07/10/2024,17.3,17.3,17.04,17.04,7373
07/11/2024,17.45,17.85,17.1,17.83,14547
07/12/2024,18,18.23,17.99,18.2,16280
07/15/2024,18.35,18.745,18.22,18.51,18287
07/16/2024,18.55,19.5,18.47,19.5,24507
07/17/2024,19.25,20,19.1016,19.99,22540
07/18/2024,19.98,20.215,19.61,19.67,14947
07/19/2024,19.68,19.88,19.41,19.7,9414
07/22/2024,19.76,19.94,19.41,19.93,13117
07/23/2024,18.86,20.19,18.7001,20.14,27673
07/24/2024,19.83,20.14,19.82,19.83,11705
07/25/2024,20.02,20.15,19.81,20.14,17694
07/26/2024,20.18,20.18,19.79,20.18,11839
07/29/2024,19.79,19.79,19.22,19.33,9073
07/30/2024,19.31,19.89,19.31,19.89,6338
07/31/2024,19.45,19.71,19.19,19.19,17251
08/01/2024,18.7701,18.8,17.92,17.92,10027
08/02/2024,17.3,17.51,16.79,17.15,18631
08/05/2024,16.34,16.58,16.17,16.32,13887
08/06/2024,16.45,16.595,16.415,16.49,8301
08/07/2024,16.79,16.83,16.51,16.83,16122
08/08/2024,17.02,17.8,17.02,17.8,11738
08/09/2024,17.54,17.54,17.1,17.16,10166
08/12/2024,17,17.07,16.75,17.07,11681
08/13/2024,17.09,17.76,17.08,17.76,6858
08/14/2024,17.13,17.82,17.06,17.42,6801
08/15/2024,17.8,17.8,17.55,17.72,13583
08/16/2024,17.72,17.9496,17.55,17.79,10532
08/19/2024,17.8,18.23,17.33,18.23,10960
08/20/2024,17.81,17.9999,17.74,17.81,3939
08/21/2024,17.96,17.97,17.755,17.9,4647
08/22/2024,17.49,17.81,17.49,17.81,2810
08/23/2024,18,18.64,17.96,18.64,14986
08/26/2024,18.39,18.88,17.61,17.67,26118
08/27/2024,17.965,17.965,17.65,17.77,17678
08/28/2024,17.6631,17.99,17.6631,17.99,10588
08/29/2024,18.1,18.22,18.0635,18.22,9204
08/30/2024,17.7317,18.54,17.7317,18.44,8483
09/03/2024,18.19,18.315,17.76,18.12,5482
09/04/2024,18.075,18.19,17.87,17.94,4914
09/05/2024,17.81,17.97,17.78,17.85,3206
09/06/2024,18.09,18.39,17.87,18.11,15146
09/09/2024,18.61,18.61,18.12,18.17,8471
09/10/2024,18.12,18.28,18.06,18.28,9147
09/11/2024,18.06,18.1,18,18.04,11940
09/12/2024,18,18.28,18,18.28,6464
09/13/2024,18.35,18.89,18.2,18.89,7266
09/16/2024,18.85,18.98,18.66,18.82,15316
09/17/2024,19.17,19.2,18.93,18.93,6431
09/18/2024,18.66,19.3,18.4396,18.96,7936
09/19/2024,19.4,19.68,18.915,19.68,7732
09/20/2024,19.19,19.415,18.61,18.61,46690
09/23/2024,18.66,19.1899,18.65,18.71,6017
09/24/2024,18.6,18.77,18.56,18.77,8391
09/25/2024,18.86,18.88,18.56,18.88,9213
09/26/2024,19.1,19.16,18.94,19.16,7229
09/27/2024,19.3,19.42,19.16,19.42,5384
09/30/2024,19.41,19.4418,19.03,19.22,6090
10/01/2024,18.7464,19.06,18.43,18.57,9899
10/02/2024,18.43,18.47,18.25,18.25,5876
10/03/2024,18.12,18.15,18.12,18.15,3172
10/04/2024,18.47,18.55,18.25,18.42,2739
10/07/2024,18.3,18.59,18.3,18.44,4296
10/08/2024,18.31,18.37,18.31,18.37,3741
10/09/2024,18.33,18.58,18.33,18.5,6684
10/10/2024,18.31,18.51,18.31,18.44,4107
10/11/2024,18.37,18.89,18.37,18.89,5366
10/14/2024,18.77,18.89,18.73,18.75,3050
10/15/2024,19.2235,19.4,18.8901,19.24,20499
10/16/2024,19.5,20,19.4017,19.95,16611
10/17/2024,20,20.24,19.8,20.2,14054
10/18/2024,20.03,20.52,20.03,20.07,8227
10/21/2024,20.28,20.28,18.71,18.77,9962
10/22/2024,18.8,19.915,18.8,19.8,7363
10/23/2024,19.4295,20.09,19.2,20.09,8212
10/24/2024,19.96,19.99,19.3009,19.32,9032
10/25/2024,19.205,19.44,18.56,18.57,12014
10/28/2024,19.05,19.3,19.02,19.02,7398
10/29/2024,19.2,19.35,19.18,19.29,5637
10/30/2024,19.1,19.48,19.1,19.27,4678
10/31/2024,18.82,19.185,18.82,18.82,3767
11/01/2024,19.75,19.84,18.65,19,4081
11/04/2024,19.15,19.49,18.66,18.8,44913
11/05/2024,18.86,19.43,18.86,19.43,11426
11/06/2024,19.8,21.5,19.76,20.75,40797
11/07/2024,20.1453,20.5,19.32,19.56,17399
11/08/2024,19.67,19.95,19.615,19.87,11044
11/11/2024,19.9,19.97,19.69,19.9,17538
11/12/2024,20.35,20.35,19.71,20.01,14305
11/13/2024,20.31,20.35,19.86,19.89,8690
11/14/2024,19.725,20.3,19.725,20.18,7392
11/15/2024,20.33,20.33,20.04,20.2,6058
11/18/2024,20.15,20.2,19.58,19.58,8566
11/19/2024,19.35,19.97,19.35,19.96,6309
11/20/2024,19.9,20.1,19.71,20.09,7399
11/21/2024,20.18,20.35,19.94,20.15,15126
11/22/2024,20.15,20.35,20.15,20.3,7711
11/25/2024,20.855,21.03,20.51,20.51,23581
11/26/2024,20.54,20.63,20.06,20.19,14475
11/27/2024,20.59,20.59,20.48,20.48,3097
11/29/2024,20.51,20.67,20.51,20.67,4405
12/02/2024,20.64,21.01,20.58,20.98,8118
12/03/2024,21.1891,21.1891,20.33,20.33,6798
12/04/2024,20.65,20.65,20.12,20.4,9897
12/05/2024,20.21,20.86,20.21,20.61,9134
12/06/2024,20.91,20.91,20.2,20.39,7397
12/09/2024,20.68,20.68,20.18,20.18,5739
12/10/2024,20.15,20.5,20.15,20.26,13478
12/11/2024,20.54,20.54,20.23,20.23,15290
12/12/2024,20.24,20.49,20.23,20.49,10657
12/13/2024,20.24,20.31,19.99,20.12,11196
12/16/2024,20.075,20.13,19.76,19.98,6778
12/17/2024,19.77,20.27,19.582,20.1,10674
12/18/2024,19.92,20.3,19.64,19.64,24945
12/19/2024,19.6,19.6,19.21,19.21,12658
12/20/2024,18.98,19.97,18.98,19.5,48903
12/23/2024,19.27,19.34,19.17,19.34,9677
12/24/2024,19.08,19.26,19.08,19.26,2059
12/26/2024,19.1,19.43,19.1,19.43,7676
12/27/2024,19.17,19.3,19.12,19.23,13030
12/30/2024,19.26,19.66,19.26,19.28,12694
12/31/2024,19.31,19.5964,19.31,19.5,10929
01/02/2025,19.59,19.75,19.14,19.14,7157
01/03/2025,19.13,19.6,19.0701,19.6,8186
01/06/2025,19.57,19.65,19.12,19.12,7853
01/07/2025,19.26,19.26,18.73,18.84,15312
01/08/2025,18.6854,18.9375,18.63,18.63,5486
01/10/2025,20,20,18.7501,18.97,49302
01/13/2025,18.51,19.27,18.51,19.12,50695
01/14/2025,18.94,19.5,18.94,19.5,77060
01/15/2025,19.5,19.6,19.38,19.6,180875
01/16/2025,19.59,19.85,19.35,19.67,105339
01/17/2025,19.75,20.09,19.75,20.05,50289
01/21/2025,20.05,20.665,19.92,20.59,57366
01/22/2025,20.58,20.58,20.09,20.49,32916
01/23/2025,20.49,20.7,20.13,20.7,51791
01/24/2025,20.68,21,20.58,20.85,27217
01/27/2025,20.84,21.32,20.84,21.15,36293
01/28/2025,21.18,21.2,20.77,21.06,32636
01/29/2025,21,21.62,21,21.3,17678
01/30/2025,21.01,21.52,20.86,20.92,9575
01/31/2025,20.72,21.1662,20.69,20.91,33009
02/03/2025,20.58,20.95,20.3,20.78,15735
02/04/2025,20.98,21.23,20.83,21.19,21673
02/05/2025,21.23,21.585,21.19,21.58,35664
02/06/2025,21.43,21.8,21.36,21.8,17614
02/07/2025,21.61,21.84,21.24,21.79,20855
02/10/2025,21.7,21.865,21.62,21.79,14561
02/11/2025,21.8,22.22,21.7545,22.18,17362
02/12/2025,21.89,21.96,21.7,21.81,15536
02/13/2025,21.91,21.91,21.5479,21.84,11364
02/14/2025,22.17,22.17,21.75,21.77,7510
02/18/2025,21.65,22.04,21.65,22.03,13750
02/19/2025,21.79,21.815,21.53,21.64,18421
02/20/2025,21.54,21.54,21.09,21.4,9902
02/21/2025,21.62,21.67,21,21,11680
02/24/2025,21.12,21.12,20.59,20.84,26771
02/25/2025,21,21.275,20.92,21.11,50825
02/26/2025,20.99,21.09,20.75,20.89,12587
02/27/2025,20.75,21,20.65,20.99,8108
02/28/2025,21.27,21.28,20.91,21,60850
03/03/2025,21.05,21.19,20.82,20.89,10823
03/04/2025,20.5,20.875,20.28,20.5,28008
03/05/2025,20.54,20.54,20.23,20.28,11912
03/06/2025,20.05,20.05,19.85,20,20675
03/07/2025,19.8,19.9724,19.57,19.84,19748
03/10/2025,19.7,19.7,19.03,19.08,20833
03/11/2025,19.26,19.26,18.95,19.04,19466
03/12/2025,19.02,19.22,18.78,19.18,16322
03/13/2025,19.06,19.31,18.96,18.96,8153
03/14/2025,19.31,19.325,19.17,19.3,9694
03/17/2025,19.135,19.135,18.91,18.96,8592
03/18/2025,18.92,18.955,18.76,18.9,15061
03/19/2025,19.09,19.535,19.09,19.49,30609
03/20/2025,19.3,19.38,19.1282,19.25,14406
03/21/2025,19.01,19.05,18.755,18.88,28424
03/24/2025,19.1,19.48,19.1,19.41,10828
03/25/2025,19.25,19.27,19.04,19.04,11240
03/26/2025,18.96,19.29,18.93,18.96,8898
03/27/2025,19.17,19.38,19.1,19.31,10685
03/28/2025,19.02,19.02,18.75,18.93,9970
03/31/2025,18.75,19.06,18.715,18.85,17816
04/01/2025,18.665,18.95,18.57,18.83,7023
04/02/2025,18.5,18.98,18.14,18.98,11235
04/03/2025,18.33,18.69,17.365,17.42,15014
04/04/2025,16.89,17.29,16.39,17.22,16108
04/07/2025,16.27,17.6,15.82,17.12,24634
04/08/2025,18.34,18.34,17.055,17.31,20011
04/09/2025,17.235,18.89,16.92,18.17,27266
04/10/2025,17.51,17.6303,17.06,17.35,19166
04/11/2025,17.23,17.31,17.12,17.2,8631
04/14/2025,17.24,17.47,16.91,17.29,12206
04/15/2025,17.58,17.81,17.3811,17.42,8187
04/16/2025,17.1,17.735,16.98,17.63,15863
04/17/2025,17.6,17.81,17.6,17.74,11250
04/21/2025,17.4,17.59,17.39,17.51,11447
04/22/2025,18.03,18.26,17.7,18.2,10080
04/23/2025,18.55,18.755,18.19,18.31,16325
04/24/2025,18.23,18.58,18.22,18.58,13094
04/25/2025,18.3,18.39,18.2,18.34,6794
04/28/2025,18.28,18.43,18.1464,18.39,7900
04/29/2025,18.31,18.63,18.31,18.6,21171
04/30/2025,18.1639,18.58,18.0801,18.5,17060
05/01/2025,18.515,18.6,18.42,18.47,11784
05/02/2025,18.59,19.035,18.59,18.97,5936
05/05/2025,18.8616,19.1701,18.8616,18.95,17065
05/06/2025,18.78,18.99,18.78,18.85,6674
05/07/2025,18.97,18.97,18.71,18.81,17783
05/08/2025,19,19.37,18.94,19,37828
05/09/2025,18.94,19,18.86,18.86,6505
05/12/2025,19.5,19.71,19.48,19.56,56975
05/13/2025,19.8,19.83,19.5,19.5,96515
05/14/2025,19.44,19.5,19.21,19.21,24576
05/15/2025,19.38,19.5963,19.22,19.25,108622
05/16/2025,19.25,19.35,19.17,19.17,18336
05/19/2025,19.1181,19.26,19.0735,19.23,16689
05/20/2025,19.2487,19.36,19.02,19.23,13431
05/21/2025,19.02,19.14,18.55,18.57,35312
05/22/2025,18.43,18.76,18.4,18.5,15269
05/23/2025,18.07,18.42,18.07,18.27,13658
05/27/2025,18.68,18.75,18.505,18.63,13898
05/28/2025,18.68,18.95,18.53,18.56,28058
05/29/2025,18.57,18.57,18.31,18.33,22175
05/30/2025,18.5,18.53,18.26,18.39,28667
06/02/2025,18.03,18.47,18.03,18.16,17142
06/03/2025,18.27,18.51,18.09,18.41,18775
06/04/2025,18.385,18.5,18.08,18.11,19038
06/05/2025,18.4,18.4,18.05,18.14,31168
06/06/2025,18.38,18.65,18.28,18.65,15588
06/09/2025,18.74,18.79,18.46,18.65,12685
06/10/2025,18.63,19.08,18.63,18.9,9406
06/11/2025,18.9,19.02,18.62,18.82,21210
06/12/2025,18.8,18.84,18.65,18.8,8176
06/13/2025,18.4598,18.71,18.37,18.43,12713
06/16/2025,18.54,18.54,18.24,18.34,11320
06/17/2025,18.18,18.25,18.12,18.12,14510
06/18/2025,18,18.46,18,18.38,23591
06/20/2025,18.53,18.6,18,18.47,34183
06/23/2025,18.42,18.97,18.38,18.94,29830
06/24/2025,18.82,19.38,18.82,19.12,11716
06/25/2025,19.02,19.095,18.9,18.9,14714
06/26/2025,19.12,19.43,19.12,19.42,8445
06/27/2025,19.36,19.67,19.15,19.25,158610
06/30/2025,19.45,19.6056,19.28,19.4,56267
07/01/2025,19.3,20.43,19.3,20.13,99245
07/02/2025,20.21,20.51,20.165,20.37,162823
07/03/2025,20.57,20.85,20.36,20.74,65197
07/07/2025,20.49,20.89,20.4,20.45,33543
07/08/2025,20.64,20.81,20.375,20.5,113882
07/09/2025,20.5,20.8,20.5,20.53,120391
07/10/2025,20.39,20.82,20.39,20.6,119402
07/11/2025,20.46,20.46,20.16,20.18,22342
07/14/2025,20.06,20.77,20.06,20.67,121012
07/15/2025,20.67,20.745,20.27,20.32,39226
07/16/2025,20.33,20.4,20.03,20.25,86360
07/17/2025,19.95,20.72,19.95,20.53,166967
07/18/2025,20.58,20.73,20.1,20.13,45640
07/21/2025,20.14,20.54,19.58,20.19,141049
07/22/2025,20.45,20.56,20.07,20.1,58901
07/23/2025,20.44,21.07,20.2,20.61,346852
