01/02/2019,278.89,279.91,274.59,276.58,789343
01/03/2019,275.41,276.9,266.33,268.04,891415
01/04/2019,272.81,281.47,272.02,279.13,529477
01/07/2019,279.07,282.91,273.7,277.13,658170
01/08/2019,277.48,280.77,270.41,278.98,865255
01/09/2019,276.01,283,273.525,280.01,606862
01/10/2019,279.11,284.57,276.41,284.49,413970
01/11/2019,284.12,285.24,281.4,284.5,287297
01/14/2019,282.6,285.0359,281.14,281.21,408761
01/15/2019,286.99,295.3099,282.69,293.22,692475
01/16/2019,293.43,295.3,288.56,288.81,579738
01/17/2019,289.03,301.02,289.03,299.28,802912
01/18/2019,302.28,308.92,301.45,305.39,688904
01/22/2019,303.62,305.97,298.52,300.61,561927
01/23/2019,302.03,305.26,295.81,297.16,1039723
01/24/2019,288.2,295,280.7117,286.22,1596473
01/25/2019,287.9,291.96,285.1,291.83,825128
01/28/2019,289.21,291.08,286.84,288.93,432849
01/29/2019,290.31,296.22,288.26,296.16,423932
01/30/2019,299.01,299.01,290.85,296.08,673763
01/31/2019,295.57,297.81,291.83,295.39,654429
02/01/2019,295.54,298.95,291.43,292.48,428913
02/04/2019,292.7,298.99,291.39,298.61,307350
02/05/2019,298.56,300.19,295.645,299.99,357604
02/06/2019,299.48,305.635,298.72,303.52,409475
02/07/2019,301.51,306.5,300.72,303.06,391986
02/08/2019,301.1,302.35,298.58,300.43,362215
02/11/2019,302.02,307.34,301.6604,306.84,368811
02/12/2019,308.8,314.87,307.94,312.52,488799
02/13/2019,313.42,314.57,307.13,313.31,399360
02/14/2019,311.48,314.715,308.96,311.81,296045
02/15/2019,315,316.73,312.44,316.62,328243
02/19/2019,315.62,316.89,314.15,314.65,293071
02/20/2019,314.09,314.09,309.182,311.04,477259
02/21/2019,311.91,313.175,308.29,309.59,361892
02/22/2019,310.07,312.58,309.48,312.37,232183
02/25/2019,313.8,315.03,311.05,311.38,356254
02/26/2019,312.09,312.5,308.46,308.55,262601
02/27/2019,307.09,311.22,307.09,311.12,350687
02/28/2019,310.65,311.77,304.51,304.77,338014
03/01/2019,308.74,310.045,299.47,302.53,631883
03/04/2019,303.42,307,300.7,302.62,404964
03/05/2019,303.65,303.76,300.69,301.3,425915
03/06/2019,301.98,305.33,300,302.45,312934
03/07/2019,300.73,301.84,295.82,297.7,329022
03/08/2019,295.57,296.31,291.19,293.4,357101
03/11/2019,291.58,295.62,290.35,294.99,218613
03/12/2019,295.71,296.15,293.1,295.37,309026
03/13/2019,296.84,300.65,296.31,299.49,401044
03/14/2019,299.67,299.67,295.46,297.53,383915
03/15/2019,297.4,299.99,296.27,297.18,444284
03/18/2019,297.44,302.34,297.44,302.06,247838
03/19/2019,304.13,304.16,298.93,299.54,347904
03/20/2019,299.52,304.02,295.5625,298.02,235379
03/21/2019,297.99,305.61,297.76,304.98,310304
03/22/2019,303.91,303.91,292.35,292.51,446439
03/25/2019,291.87,293.24,288.14,289.6,308733
03/26/2019,291.92,291.92,286.58,289.33,421632
03/27/2019,290.13,292.16,287.53,290,367429
03/28/2019,291.33,295.7,290.04,293.78,384233
03/29/2019,295.97,301.59,294.78,300.93,427669
04/01/2019,301.5,311.43,301.5,311.26,509357
04/02/2019,310.92,313.32,308.58,311.27,442059
04/03/2019,312.76,314.7,310.42,311.58,389548
04/04/2019,311,315.5,311,313.64,304565
04/05/2019,313.99,318.9,313.595,316.5,410214
04/08/2019,315.44,316.5095,314.21,314.96,313250
04/09/2019,314.33,314.33,305.08,305.28,339632
04/10/2019,299.99,304.22,297,303.17,497261
04/11/2019,306,313.26,306,308.99,415780
04/12/2019,306.5,308.265,302.56,304.86,687829
04/15/2019,304.87,306.17,303.41,304.79,292525
04/16/2019,305.96,307.005,302.715,306,302061
04/17/2019,308.47,310.285,305.3,308.32,314872
04/18/2019,308.87,311.81,306.5,308.18,520775
04/22/2019,302.74,308,289.61,291.21,882016
04/23/2019,288.27,293.77,285.57,293.19,633967
04/24/2019,293.2,296.26,292.1,294.36,584443
04/25/2019,293.27,295.38,288.83,295,469033
04/26/2019,294.95,296.12,291,291.91,280802
04/29/2019,292.21,293.35,284.61,284.85,566758
04/30/2019,284.27,285.6,280.77,282,1038270
05/01/2019,283.37,284.25,274.46,274.86,595054
05/02/2019,274.21,280.71,274,278.95,466591
05/03/2019,281.27,284.4135,280.59,283.55,556306
05/06/2019,276.74,279.88,274.14,279.31,499534
05/07/2019,276.33,277.38,271.57,276.46,601986
05/08/2019,276.25,278.79,273.86,276.57,378399
05/09/2019,273.14,274.69,267.65,273.44,490648
05/10/2019,270.59,272.99,266.23,267.69,456728
05/13/2019,263.05,264.0927,258.71,259.99,687697
05/14/2019,260.83,262.94,259.27,262.06,354725
05/15/2019,259.69,262.955,258.42,261.79,363462
05/16/2019,262.95,266.39,261.3,263.86,310816
05/17/2019,263.08,272.28,262.92,267.1,659372
05/20/2019,265.21,271.41,265.01,270.72,494434
05/21/2019,272,275.01,272,272.33,408848
05/22/2019,270.42,271.69,258.84,259.09,723933
05/23/2019,256.56,263.47,255.385,260.92,561202
05/24/2019,261.98,263.26,255.09,258.56,403987
05/28/2019,258.6,261.25,258.42,259.4,483718
05/29/2019,259.42,264.19,258.355,261.77,531153
05/30/2019,261.65,266.72,260.426,264.59,738066
05/31/2019,261.66,263.03,259.14,261.69,493945
06/03/2019,261.86,264.25,260.24,262.86,553198
06/04/2019,265.49,270.03,264.8,269.49,470743
06/05/2019,270.99,273.14,265.71,269.16,328116
06/06/2019,269.29,270.33,264.025,265.85,402910
06/07/2019,267.67,272.91,267,271.12,413800
06/10/2019,271.73,275.68,270.36,275.18,479757
06/11/2019,274.9,276.45,269.63,274.42,819456
06/12/2019,275.4,277.6741,273.72,275.05,447309
06/13/2019,274.82,279.9,274.82,279.76,305750
06/14/2019,278.51,278.51,267.73,272.36,426832
06/17/2019,272.12,274.93,269.65,272.44,447091
06/18/2019,274.26,278.64,271.12,271.87,417442
06/19/2019,270.77,274.99,268.2,274.18,453888
06/20/2019,278.34,279.21,272.27,276.8,394655
06/21/2019,275.42,277.18,271.73,274.02,638303
06/24/2019,274.15,278,270.92,271.03,381734
06/25/2019,271.27,272.13,267.43,267.56,473612
06/26/2019,269.04,270.22,264.83,266.4,361008
06/27/2019,267.19,268,265.26,266.13,416236
06/28/2019,267.23,269.29,264.61,268.23,564473
07/01/2019,269.53,272.96,265.91,267.29,537682
07/02/2019,266.76,267.83,263.5,265.15,369944
07/03/2019,265.08,268.79,265.08,268.78,217735
07/05/2019,267.69,270.12,264.5,269.53,256904
07/08/2019,267.51,269.84,265.5,265.89,266953
07/09/2019,265.04,267.98,262.13,266.69,532970
07/10/2019,266.24,267.04,257.8,258.54,780724
07/11/2019,258.02,263.33,256.08,262.81,532373
07/12/2019,263.81,270.83,263.81,269.2,469450
07/15/2019,269.88,272.96,268.97,271.28,309510
07/16/2019,272.24,276.76,271.105,272.91,447057
07/17/2019,271.99,272.65,268.46,269,399678
07/18/2019,269.44,270.84,266.74,268.66,368380
07/19/2019,269.83,273.235,267.09,267.22,439418
07/22/2019,268.84,272.17,268,269.42,513930
07/23/2019,271.13,279.19,270.58,278.78,664356
07/24/2019,284.36,304.84,284.36,304.07,1676001
07/25/2019,304.74,305.29,295.99,300.13,902362
07/26/2019,300.12,304.58,299.35,299.8,504799
07/29/2019,299.4,299.4,291.13,291.55,502923
07/30/2019,290.25,297.07,290,296.72,428046
07/31/2019,296.58,299.08,288.38,291.03,568601
08/01/2019,291.55,293.49,276.77,277.65,674993
08/02/2019,276.6,278.82,272.39,276.39,468289
08/05/2019,272.14,273.26,266.81,268.83,569252
08/06/2019,271.52,274.1,267.61,269.98,541083
08/07/2019,266.05,275.2,264.85,274.3,673649
08/08/2019,275.07,277.2,273.87,276.68,357742
08/09/2019,274,275.1,267.74,268.36,377137
08/12/2019,266.72,267.07,262.19,263.37,349006
08/13/2019,261.29,271.73,260.485,268.22,569322
08/14/2019,264,265.48,262.61,264.35,473543
08/15/2019,265.34,266.76,263.54,264.81,529848
08/16/2019,267.44,270.52,265.55,269.26,386821
08/19/2019,272.67,276.22,272.67,275.39,303915
08/20/2019,275.23,276.99,271.73,272.07,354198
08/21/2019,275.36,278.66,274.5,274.82,288626
08/22/2019,275.68,275.72,271.54,272.86,319843
08/23/2019,271.37,271.47,264.65,266.02,375808
08/26/2019,269.54,270.37,265.77,267.47,237667
08/27/2019,269.87,269.87,262.88,265.37,241003
08/28/2019,265.06,269.74,263,268.38,259905
08/29/2019,271.42,274.26,270.05,273.36,234335
08/30/2019,275.53,277.855,272.86,273.65,230206
09/03/2019,271.52,271.52,263.835,266.1,366531
09/04/2019,268.32,271.47,267.62,268.17,216998
09/05/2019,270.9,280.01,270.9,276.78,319013
09/06/2019,279.27,281.3,276.15,278.22,299969
09/09/2019,279.69,286.39,279.59,285.9,424996
09/10/2019,282.36,291.51,280.56,290.73,437129
09/11/2019,292.17,297.52,290.28,295,336475
09/12/2019,294.93,296,291.11,293.6,317658
09/13/2019,294.41,298.48,294.41,295.56,344000
09/16/2019,294.73,297.5,292.4625,295.81,236155
09/17/2019,293.97,294.47,288.93,291.64,327973
09/18/2019,290.65,293.21,288.61,292.48,287962
09/19/2019,291.77,294.73,290.52,292.16,306950
09/20/2019,293.41,294.655,289.6,292.18,586573
09/23/2019,289.96,293.515,289.67,291.07,396157
09/24/2019,291.85,292.01,283.92,286.56,301711
09/25/2019,287.57,292.66,286.2,291.11,288371
09/26/2019,290.52,294.86,288.706,293.62,275272
09/27/2019,295,295.995,291.92,294.99,263872
09/30/2019,294.06,297.72,292.73,297.15,342394
10/01/2019,300.12,303.77,281.89,286.05,606165
10/02/2019,282.97,288.76,278.78,287.18,563779
10/03/2019,286.2,288.86,281.49,288.69,367349
10/04/2019,290,292.01,288.6043,291.21,260395
10/07/2019,290.02,292.37,288.37,288.97,307826
10/08/2019,285.87,288.2599,279.24,282.19,372686
10/09/2019,285.52,286.58,282.52,283.99,214463
10/10/2019,283.82,290.2,283.82,288.71,330761
10/11/2019,304,311.41,302,305.2,896726
10/14/2019,301.93,308.66,301.625,306.07,459554
10/15/2019,306.07,310.76,304.325,307.34,336653
10/16/2019,306.85,310.28,306.85,307.86,208480
10/17/2019,308.64,312.17,308.36,310.74,225505
10/18/2019,310.46,313.925,309.75,310.08,505179
10/21/2019,313.46,317.5,312.18,316.78,566881
10/22/2019,314.15,320.505,312.81,319.18,571547
10/23/2019,307.4,315,298.25,312.44,1029044
10/24/2019,313.89,316.4999,310.49,315.21,447006
10/25/2019,317,319.95,314.8,317.34,332495
10/28/2019,319,319.95,315.36,316.39,420382
10/29/2019,316.05,316.38,311.72,312.94,430584
10/30/2019,312.62,312.97,307.135,310.38,292580
10/31/2019,309.87,310.85,305.5,308.84,430754
11/01/2019,312.14,317.825,309.885,317.67,408567
11/04/2019,319.32,322.31,317.11,319.37,326556
11/05/2019,320.92,324.92,318.79,322.47,299182
11/06/2019,322.73,323.77,318,321.26,298179
11/07/2019,321.94,323,318.535,320.73,396224
11/08/2019,320.71,325.1,318.25,324.92,326761
11/11/2019,322.47,327.715,322.13,327.15,256913
11/12/2019,326.96,327.755,323.22,325.44,280445
11/13/2019,323.91,325.63,321.37,322.52,189389
11/14/2019,322.42,324.97,320.66,322.41,260726
11/15/2019,324.87,325.11,321.43,323.47,275198
11/18/2019,322.12,322.7,316,317.49,366521
11/19/2019,318.49,320.4,315.48,315.9,303119
11/20/2019,314.29,314.925,310.995,312.35,338196
11/21/2019,309.16,313.82,309.16,312.63,289578
11/22/2019,315.81,320.32,314.8,319,375948
11/25/2019,320.27,323.33,319.4434,320.49,311171
11/26/2019,321.77,322,318.835,320.68,337714
11/27/2019,321.63,321.63,317.7,319.24,327849
11/29/2019,319.49,320.35,316.53,316.95,128009
12/02/2019,316.15,320.51,314.75,315.03,256462
12/03/2019,310.02,313.62,309.2603,312.58,250994
12/04/2019,313.66,318.83,313.56,316.87,352781
12/05/2019,317.97,324.16,315.865,318.29,475311
12/06/2019,321.48,323.16,318.75,321.49,279177
12/09/2019,320.79,327.31,320.79,324.31,362487
12/10/2019,324.55,326.35,322.96,323.57,227613
12/11/2019,327.65,329.98,325.14,329.52,349121
12/12/2019,328.42,339.0025,327.61,338.8,478342
12/13/2019,337.77,338.96,331.77,332.31,553792
12/16/2019,334.52,337.4,332.808,337.22,533915
12/17/2019,335.73,336.3,330.45,331.48,307623
12/18/2019,331.56,332.79,329.24,332.53,349470
12/19/2019,332.5,334.95,330.88,334.84,234450
12/20/2019,337.45,338.59,334.375,337.59,814044
12/23/2019,338.67,338.67,335.79,337.72,328456
12/24/2019,338.85,338.85,336.285,337.38,74916
12/26/2019,337.81,339.81,334.51,338.91,258543
12/27/2019,340.5,340.57,336.8,337.47,179933
12/30/2019,337.45,339.21,336.46,338.25,175223
12/31/2019,336.76,339.75,336.66,338.52,213931
01/02/2020,339.75,344.71,337.21,344.71,362780
01/03/2020,339.54,342.26,335.01,340.66,363108
01/06/2020,337.92,339.85,335.25,337.49,319957
01/07/2020,335.14,339.3,333.5,337.84,330134
01/08/2020,338.11,343.11,338.11,341.41,323744
01/09/2020,341.94,343.68,340.46,343.17,266932
01/10/2020,344.36,346.6,340.96,341.31,227191
01/13/2020,342.22,345.3,341.45,344.44,206786
01/14/2020,343.61,345.78,339.85,340.28,294412
01/15/2020,341.99,341.99,337.85,339.27,234247
01/16/2020,340.66,342.72,338.12,341.14,259893
01/17/2020,340.21,342.23,338.15,340.15,508908
01/21/2020,338.91,338.91,330.37,334.45,403567
01/22/2020,337.24,337.57,330.31,331.07,267608
01/23/2020,328.56,332.93,324.82,332.54,269985
01/24/2020,333.87,334.885,326.38,329,235137
01/27/2020,323.95,325.97,320.15,322.12,240735
01/28/2020,324.63,326.08,321.68,323.45,486966
01/29/2020,325.15,330.1,325.15,327.49,534382
01/30/2020,316.51,321.56,306.93,312.55,807681
01/31/2020,309.46,310.84,298.68,302.67,811710
02/03/2020,305.7,308.5,301.4,303.23,512281
02/04/2020,308.02,313.24,307.59,308.14,379333
02/05/2020,313.28,315.27,310.95,315.06,360013
02/06/2020,316.75,316.75,308.05,309.98,376984
02/07/2020,306.62,307.67,299.45,299.7,581603
02/10/2020,299.95,299.95,294.34,298.17,274670
02/11/2020,299.29,303.1,299.29,300.87,225087
02/12/2020,306.31,312.27,306.2352,310.96,322688
02/13/2020,308.95,309.98,305.24,305.36,248985
02/14/2020,305.37,307.93,304.18,307.65,187219
02/18/2020,306.32,309.2007,304.9549,308.18,179058
02/19/2020,309.12,310.94,306.185,307.14,185419
02/20/2020,306.08,312.37,306.08,310.29,162621
02/21/2020,307.69,308.38,302.98,303.32,209491
02/24/2020,294.24,300.04,292.57,296.04,261585
02/25/2020,296.32,296.32,283.65,284.79,294626
02/26/2020,288.09,290.655,283.51,284.85,447668
02/27/2020,279.8,288.25,273.9,279.79,709281
02/28/2020,270.97,277.75,268.94,277.54,718498
03/02/2020,279.36,288.92,272.125,288.88,527983
03/03/2020,288.31,292.99,282.415,285.86,563877
03/04/2020,291.99,296.45,288.05,294.67,492882
03/05/2020,285.06,293.63,285.06,290.34,450833
03/06/2020,280.63,285.45,278.01,284.63,489478
03/09/2020,268.91,283.12,251.63,255.83,949304
03/10/2020,264.47,279.66,256.4,279.62,492372
03/11/2020,272.64,281.49,268.67,274.61,607103
03/12/2020,255,256.82,242.23,246.19,701207
03/13/2020,258.86,266.12,246.37,266.02,548587
03/16/2020,241,256.877,224,229.53,602829
03/17/2020,233.28,246.96,225.98,246.43,604796
03/18/2020,230,245.88,226.1,235.89,539114
03/19/2020,233.5,248.6,226.615,234.98,417825
03/20/2020,235.41,236.6,212.01,213.78,501713
03/23/2020,212.64,218.16,200.61,209.49,479357
03/24/2020,221.18,239.97,221.18,238.69,715620
03/25/2020,238.63,255.4,230.5587,237.29,472146
03/26/2020,239.72,249.02,228.07,249.02,432612
03/27/2020,240.92,253.79,238.7,247.15,321568
03/30/2020,246.86,256.29,241.9,255.14,334051
03/31/2020,251.68,257.04,248.01,248.5,388171
04/01/2020,240,245.29,233.85,236.52,416942
04/02/2020,234.7,244.75,233.89,239.69,464567
04/03/2020,236.61,242.935,234.01,238.76,336580
04/06/2020,248.37,254.75,245.17,251.18,417127
04/07/2020,253.26,272.53,253.26,257.93,608719
04/08/2020,261.77,273.74,256.91,270.4,329386
04/09/2020,274.94,282.21,273.36,279.87,450585
04/13/2020,278.29,278.29,272,274.36,274388
04/14/2020,283.31,288.57,280,287.63,462652
04/15/2020,281.38,282.81,276.55,279.43,286506
04/16/2020,279.59,283.12,275.43,279.92,294330
04/17/2020,287.48,291.92,276.14,280.22,374424
04/20/2020,276.3,277.24,271.77,274.51,303571
04/21/2020,270,272.79,268.51,270.09,234404
04/22/2020,276.35,278,271.53,276.13,368490
04/23/2020,264.2,272.3173,256.19,258.43,862601
04/24/2020,260.05,271.4923,259.1904,269.61,440665
04/27/2020,272.33,279.195,270.48,277.12,344374
04/28/2020,284.11,287.9,282.67,286.02,410586
04/29/2020,291.75,292.7,278.58,280.64,476178
04/30/2020,276.35,277.2167,271.71,275.58,377624
05/01/2020,271.05,272.4345,265.86,267.66,255876
05/04/2020,266.05,272.37,263.27,272.12,282180
05/05/2020,275.68,281.98,274.54,279.21,291361
05/06/2020,283.48,285.95,278.98,280.5,300064
05/07/2020,283.82,287.95,279.88,281.11,288177
05/08/2020,284.42,285.45,281.27,285.45,204354
05/11/2020,282.62,288.12,278.99,286.59,223886
05/12/2020,287.09,287.095,277.1,277.21,273466
05/13/2020,276.45,279.57,270.295,273.07,355048
05/14/2020,268.21,277.08,263.83,277.02,283374
05/15/2020,274.68,279.65,273.44,278.79,443072
05/18/2020,287.36,292.98,286.99,290.92,239585
05/19/2020,290.4,293.5,286.41,286.51,265726
05/20/2020,291.11,299.4,291.11,296.07,268653
05/21/2020,296.36,299.37,294.29,295.44,333037
05/22/2020,295.97,295.97,291.46,292.91,285894
05/26/2020,300,307.2,300,305.76,490924
05/27/2020,311.99,315.67,308.42,314.34,340767
05/28/2020,316.58,316.58,308.805,309.21,253402
05/29/2020,308.45,312.28,306.39,309.62,884911
06/01/2020,309.06,312.58,303.97,305.94,310571
06/02/2020,312.83,315.82,311.04,314.99,371903
06/03/2020,318.75,319.48,315.435,318,360913
06/04/2020,314.82,318.53,312.19,316.33,261576
06/05/2020,322.45,324.44,319.48,322.83,447055
06/08/2020,322.41,330.405,321.48,328.38,351147
06/09/2020,325.76,329.09,324.01,326.34,245427
06/10/2020,328.74,328.87,320.72,320.87,206572
06/11/2020,312.56,315.44,305.74,305.94,294351
06/12/2020,315.29,315.37,298.43,303.75,297611
06/15/2020,297.13,306.12,294.805,302.81,534647
06/16/2020,313.75,314.05,305.51,310.66,279672
06/17/2020,310.95,313.67,309.13,310.27,207709
06/18/2020,308.18,309.99,303.19,304.47,265832
06/19/2020,309.68,309.68,299.99,303.01,426936
06/22/2020,302.26,304.04,298.51,303.19,233430
06/23/2020,307.27,307.985,301.23,301.48,341430
06/24/2020,299.11,299.99,291.72,294.79,382611
06/25/2020,293.54,296.53,291.34,295.95,289006
06/26/2020,295.78,297.43,291.22,293.12,638839
06/29/2020,296.5,305.41,296.385,303.47,363984
06/30/2020,304.43,315.94,304.0602,314.16,513225
07/01/2020,314.46,316.81,307.51,307.96,402591
07/02/2020,313.2,318.3,310.445,317.51,314415
07/06/2020,322.7,324.195,319.99,322.19,322218
07/07/2020,319.23,324.79,319.23,320.85,336487
07/08/2020,317.6,320.62,304.84,308.77,465933
07/09/2020,310.29,312.93,306.94,308.99,269819
07/10/2020,309.24,311.14,305.5,311.02,261672
07/13/2020,314.38,324.37,313.39,319.53,586911
07/14/2020,319.41,327.83,318.76,327.59,405285
07/15/2020,331.2,335.02,326.84,333.62,398290
07/16/2020,333.54,337.91,331.34,333.32,228582
07/17/2020,335.04,336.32,329.76,330.27,835883
07/20/2020,326.92,332,325.64,330.73,311493
07/21/2020,333.34,339.28,333.065,337.32,364230
07/22/2020,337.66,342.83,336.57,338.95,318954
07/23/2020,338.94,343.1,326.64,338.66,521741
07/24/2020,339.04,347.45,336.045,341.39,399878
07/27/2020,341.05,346.11,339.31,339.79,393017
07/28/2020,337.77,338.39,333.52,333.65,362647
07/29/2020,335.21,343.18,335.21,340.76,491239
07/30/2020,336.33,340.48,333.1,339.79,242500
07/31/2020,340.19,341.72,335.16,341.53,479908
08/03/2020,342.92,345.84,341.88,341.96,201152
08/04/2020,341.04,342.92,337.695,338.52,261818
08/05/2020,340.43,344.71,336.91,344.41,276847
08/06/2020,344.41,346.88,343.2748,346.59,297994
08/07/2020,345.4,349.51,343.38,349.38,201043
08/10/2020,348.5,353.735,347.92,352.07,250677
08/11/2020,352.07,356.78,351.4,352.92,372123
08/12/2020,354.69,358.06,352.765,355.81,188648
08/13/2020,353.95,354.86,350.52,352.07,123997
08/14/2020,351.25,354.3153,348.36,351.38,149355
08/17/2020,350.16,354.21,348.57,351.9,273308
08/18/2020,352.86,355.36,352.17,353.25,219720
08/19/2020,354.88,355.51,350.22,350.83,127264
08/20/2020,349.54,355.65,349.03,354.25,166386
08/21/2020,353.24,355.45,350.645,352.61,185083
08/24/2020,352.33,353.72,346.03,349.16,328678
08/25/2020,351.13,355.48,350.61,354.68,300387
08/26/2020,352.23,365.66,352.23,361.49,505627
08/27/2020,361.42,366.25,361.19,362.47,229134
08/28/2020,361.49,366.53,361.02,365.98,218892
08/31/2020,365,369.355,363.78,365.43,314301
09/01/2020,364.25,367.76,362.87,367.42,184220
09/02/2020,368.4,371.865,367.1,370.5,229479
09/03/2020,371.82,371.82,357.46,360.12,172320
09/04/2020,362,364.18,351.67,358.08,234436
09/08/2020,358.38,358.59,349.77,350.16,383410
09/09/2020,353.25,363.42,353.25,361.28,230462
09/10/2020,360.25,360.25,350.46,351.32,232324
09/11/2020,352.88,355.93,350.96,355.18,212761
09/14/2020,358.64,358.64,352.65,354.34,204217
09/15/2020,356.47,358.68,354.65,354.65,208253
09/16/2020,361.09,362.8,356.09,356.71,335730
09/17/2020,353.63,359.65,350.075,355.43,315064
09/18/2020,354.57,357.45,349.78,351.09,495322
09/21/2020,346.8,349.26,338.03,341.57,390882
09/22/2020,341.6,345.17,338.8,343.68,381860
09/23/2020,343.52,345.2,338.13,339.09,433586
09/24/2020,340.52,347.18,337.25,342.48,249860
09/25/2020,341.17,350.19,339.8,347.4,249034
09/28/2020,351.42,357.03,351.42,353.67,159120
09/29/2020,353.58,354.46,349.08,352.08,119145
09/30/2020,356.08,359.765,353.61,356.77,340218
10/01/2020,358.17,360.16,352.845,358.03,259861
10/02/2020,355.11,362.02,353.47,359.39,166580
10/05/2020,361.93,372.68,361.93,371.16,196846
10/06/2020,372.44,374.18,367.35,367.71,319502
10/07/2020,371.51,379.3,370.82,376.4,203602
10/08/2020,376.73,389.17,376.39,385.99,470996
10/09/2020,386.68,392.35,383.1201,385.42,420612
10/12/2020,388.54,392.525,385.79,388.66,269211
10/13/2020,385.49,386.333,380.1128,384.16,299972
10/14/2020,386.59,391,383.77,386.24,249510
10/15/2020,381.51,387.44,381.51,385.65,196621
10/16/2020,388.18,390.38,382.75,383.54,446724
10/19/2020,385.32,387.18,373.38,374.74,315895
10/20/2020,377.96,381.29,374.59,375.84,252070
10/21/2020,375.58,379.49,370.53,373.44,446328
10/22/2020,371.36,375.61,352.76,362.02,602246
10/23/2020,363.17,367.805,359.995,361.03,351070
10/26/2020,356.92,361.48,356.11,361.28,420291
10/27/2020,362.3,364,357.46,357.64,293736
10/28/2020,352.58,358.61,350.8,352.55,531601
10/29/2020,352.01,354.565,348.3,350.11,309529
10/30/2020,348.87,351.925,345,350.02,385959
11/02/2020,354.24,363.3,354.24,363.23,286015
11/03/2020,366.73,374.04,366.73,371.22,232994
11/04/2020,374.96,379.325,368.825,374.71,379506
11/05/2020,379.89,383.75,376.9,378.84,306899
11/06/2020,378.51,393.25,377.44,390.63,329412
11/09/2020,403.16,411.87,388.22,388.22,414478
11/10/2020,390.11,405.75,388.89,404.48,423150
11/11/2020,405,407.4,399.49,403.39,289266
11/12/2020,403.4,403.4,394.63,398.17,202972
11/13/2020,400,409,400,403.31,217292
11/16/2020,406.76,414.97,404.615,414.53,332442
11/17/2020,412.47,412.9,405.52,410.46,249300
11/18/2020,411.49,420.54,411.49,415.01,314757
11/19/2020,413.06,424.08,411.53,422.86,294315
11/20/2020,419.34,419.34,405.23,409.3,428712
11/23/2020,411.35,416.28,407.92,414.85,244404
11/24/2020,416.37,423.97,415.23,420.55,334279
11/25/2020,420.14,421.69,410.21,414.58,511265
11/27/2020,413.83,418.7299,413.83,414.58,140646
11/30/2020,414,418.75,411.58,418.3,569252
12/01/2020,424.33,427.9,412.77,413.14,351004
12/02/2020,411.72,415.4038,406.09,407.32,257439
12/03/2020,405.07,410.3975,401.66,402.68,260643
12/04/2020,402.12,407.44,402.12,404.77,228729
12/07/2020,402.44,409.1,402.31,405,230525
12/08/2020,403,408.13,403,406.67,217494
12/09/2020,410.13,412.845,407.8116,411.22,249183
12/10/2020,408.32,408.32,400.5,402.32,258312
12/11/2020,400,405.88,400,403.53,268850
12/14/2020,400,405.89,400,400.46,247116
12/15/2020,403.51,408.0829,401.55,405.6,214822
12/16/2020,405.28,408.32,402.04,406.38,258686
12/17/2020,407.58,411.08,407.04,410.04,261785
12/18/2020,410.47,411.71,404.55,410.46,569605
12/21/2020,405,414.01,401.6,411.78,320205
12/22/2020,413.45,413.74,410,410.33,266095
12/23/2020,410.1,412.375,403.435,410.66,324558
12/24/2020,410.37,416.04,410.37,415.57,154681
12/28/2020,418.35,422.5583,413.89,414.3,208067
12/29/2020,415.64,416.65,405.59,407.28,205208
12/30/2020,407.15,409.77,402.96,406.83,181517
12/31/2020,405.72,408.85,402.31,408.34,225252
01/04/2021,410.44,411.49,391.17,393.72,436573
01/05/2021,392.93,398.75,392.93,394.86,385345
01/06/2021,395.9,401.21,394.45,397.17,381538
01/07/2021,398.25,400.89,391.4,400.01,322977
01/08/2021,403.47,404.16,388.325,396.68,421801
01/11/2021,393.74,395.815,391.08,391.71,339510
01/12/2021,393.62,402.58,390.84,401.66,354226
01/13/2021,401.47,402.16,387.41,388.49,404623
01/14/2021,389.57,392.08,382.01,383.4,326231
01/15/2021,382,390.26,378.37,388.66,869924
01/19/2021,391.53,395.43,388.66,394.49,344771
01/20/2021,396.06,396.06,388.33,392.96,310414
01/21/2021,392,395.93,389.72,391.15,319082
01/22/2021,389.71,395.84,386.57,393.49,251765
01/25/2021,393.45,394.78,386.69,387.94,311973
01/26/2021,388.02,389.715,376.505,376.69,350305
01/27/2021,373.82,374.57,360.97,370.46,641345
01/28/2021,371.19,376.7,368.8101,371.91,663431
01/29/2021,369.8,374,360.94,364.39,462517
02/01/2021,367.19,372.64,366.28,370.32,397780
02/02/2021,374.8,378.34,369.98,373.11,422377
02/03/2021,368.75,371.95,356.23,366.11,666240
02/04/2021,368.42,378.36,366,372,496588
02/05/2021,371.51,373.0836,364.72,367.9,434338
02/08/2021,369.44,381.92,369.44,378.81,399121
02/09/2021,378,379.22,372.85,374.69,328294
02/10/2021,375.78,377.81,373,376.25,359784
02/11/2021,379.16,381.15,372.04,374.15,210417
02/12/2021,372.44,375.87,370.43,372.08,209818
02/16/2021,373.62,374.81,369.64,369.65,225175
02/17/2021,367.81,373.54,367,372.18,214273
02/18/2021,369.66,377.33,369.66,375.79,203214
02/19/2021,377.32,383.56,377.005,379.4,236629
02/22/2021,378.9,381.07,375.44,377.34,194490
02/23/2021,379.36,380.43,369.26,379.58,287802
02/24/2021,379.87,387.36,378.5,385.57,316468
02/25/2021,385.03,389.19,379.16,379.96,240570
02/26/2021,381.35,382.42,372.71,372.71,371524
03/01/2021,376.12,390.93,376.12,387.82,260303
03/02/2021,386.26,387.55,382.65,385.66,207336
03/03/2021,386.78,393.43,386.19,387.77,284340
03/04/2021,390.15,390.205,375.495,378.95,395363
03/05/2021,381.63,399.98,377.71,399.11,492003
03/08/2021,399.86,406.2,397.1,398.48,360377
03/09/2021,401.25,402.275,387.86,388.45,409503
03/10/2021,390.77,398.97,386.6,395.91,305460
03/11/2021,395.91,395.91,386.11,386.67,346448
03/12/2021,386.87,395.48,386.3665,395.01,301403
03/15/2021,395.1,400.155,393.04,399.74,233682
03/16/2021,399.19,399.69,387.6,389.46,287038
03/17/2021,391.2,400.86,388.71,400.05,322179
03/18/2021,400.37,408.74,399.6,404.61,318698
03/19/2021,405.53,405.53,393.68,400.54,708945
03/22/2021,401.57,401.67,394.435,399.71,315437
03/23/2021,397.59,402.74,392.11,394.31,218665
03/24/2021,396.39,400.73,394.72,395.39,239004
03/25/2021,395.68,399.65,390.08,397.59,226191
03/26/2021,398.87,400.09,394.98,399.37,380216
03/29/2021,399.16,404.04,397.06,400.17,235215
03/30/2021,399.25,402.19,397.67,398.67,192239
03/31/2021,398.24,402.95,395.04,400.93,429015
04/01/2021,402.21,407.31,396.22,406.35,262776
04/05/2021,407.69,408.0602,403.14,407.65,270483
04/06/2021,406.2,415.28,406.2,408.43,265816
04/07/2021,410.64,410.64,397.75,398.74,272787
04/08/2021,398.02,402.27,396.41,397.91,323433
04/09/2021,399.97,401.62,396.1463,401.62,309075
04/12/2021,401.62,406.98,401.62,405.97,169626
04/13/2021,403.47,404.41,397.31,400.15,261566
04/14/2021,399.07,406.145,398.87,400.46,164772
04/15/2021,401.05,404.56,399.44,404.45,160524
04/16/2021,406.95,408.26,401.51,406.88,239765
04/19/2021,406,409.05,404.56,408.98,191672
04/20/2021,410.82,414.06,409.27,413.7,311764
04/21/2021,415,427.77,414.955,424.04,392854
04/22/2021,425.98,426.485,418.66,419.12,339726
04/23/2021,420,425.51,418.51,423.56,173738
04/26/2021,423.95,426.85,419.41,419.79,192370
04/27/2021,420,423.87,416.4,423.32,195892
04/28/2021,424.72,427.49,421.54,422.22,275516
04/29/2021,425.52,430.65,423.9,429.9,272682
04/30/2021,440,452.82,432.02,433.54,654419
05/03/2021,438.56,446,437.67,443.88,255125
05/04/2021,446.67,456.88,443.7,456.34,318921
05/05/2021,456.35,460.97,452.755,460.56,298842
05/06/2021,462.61,463.44,454.37,459,349620
05/07/2021,455,467.58,453.72,465.64,229767
05/10/2021,468.43,479.87,468.43,474.22,296209
05/11/2021,472.19,472.85,460,462.7,280213
05/12/2021,464.28,464.28,453.6,454.2,250358
05/13/2021,454.2,467.055,453.735,465.1,218179
05/14/2021,467.04,467.55,463.12,467.06,212054
05/17/2021,467,469.49,462.12,467.07,241157
05/18/2021,466.14,467.065,454.42,454.77,230546
05/19/2021,452.59,456.81,447.1,456.21,260306
05/20/2021,455.25,458.79,453.88,454.74,189326
05/21/2021,456.62,460.77,455.53,456.43,415577
05/24/2021,458.82,461.87,455.34,460.01,154447
05/25/2021,460.26,461.69,458.73,460.82,182685
05/26/2021,460.12,463.425,456.96,460.64,163263
05/27/2021,465,465.7,458.85,459.12,399021
05/28/2021,462,464.34,461.64,462.16,150896
06/01/2021,467.33,469.44,461.39,462.66,174477
06/02/2021,462.57,466.47,460.27,461.64,188286
06/03/2021,460,464.695,457.315,463.46,159349
06/04/2021,465.9,466.78,461.09,464.65,155646
06/07/2021,465,465,459.05,459.81,257277
06/08/2021,459.79,463.57,456.0906,462.48,125616
06/09/2021,463.74,463.74,458.54,458.55,141863
06/10/2021,461.22,462.72,458.45,459.55,135335
06/11/2021,461.32,462.74,458.05,459.2,143198
06/14/2021,456.46,459.06,451.11,454.8,196139
06/15/2021,454.63,458.88,451.08,458.72,158632
06/16/2021,459.54,459.54,448.69,448.94,193979
06/17/2021,449.72,449.86,437,440.97,252271
06/18/2021,434.21,439.18,433,436.53,394586
06/21/2021,439.31,447.11,439.31,445.09,202766
06/22/2021,445,445.72,440.58,442.57,199333
06/23/2021,441.91,447.85,438.37,444.43,265999
06/24/2021,446.1,446.46,440.59,441.61,229872
06/25/2021,443.63,446.2525,442.38,442.94,316225
06/28/2021,442.7,444.86,440,443.76,143888
06/29/2021,444.1,448.77,443.53,448.31,162853
06/30/2021,449.01,450.38,436.76,438,507993
07/01/2021,442.62,445.79,439.79,444.84,281753
07/02/2021,444.66,449.17,443.13,446.71,190803
07/06/2021,449.73,451.71,438.79,447.37,311885
07/07/2021,445.48,459.44,445.48,459,217783
07/08/2021,454.2,456.14,447.75,449.7,193085
07/09/2021,455.77,457.87,453.48,456.83,157105
07/12/2021,453.62,458.38,452.865,457.7,146742
07/13/2021,457.38,459.24,453.39,455.18,204306
07/14/2021,457.56,459.21,453.59,457.19,204424
07/15/2021,454.805,461,454.805,457.71,215431
07/16/2021,459.23,459.75,452.3,453.19,178051
07/19/2021,448.47,451.09,445.92,449.52,217655
07/20/2021,451.88,460.24,451.88,459.53,182796
07/21/2021,461.17,464.19,456.04,457.73,191537
07/22/2021,457.86,459.92,453.335,454.43,120393
07/23/2021,458.15,459.33,453.86,458.66,150580
07/26/2021,456.94,458.14,453.13,456.72,227114
07/27/2021,456.09,458.78,451.96,456.18,173942
07/28/2021,456.02,457.75,448.435,454.08,194139
07/29/2021,456.84,461.75,454.7701,461.23,287172
07/30/2021,431.69,453.21,431.69,444.58,506688
08/02/2021,439.87,444.15,438.84,440.16,291670
08/03/2021,444.29,447.9,439.39,445.95,308676
08/04/2021,443.88,444.99,437.41,439.35,257853
08/05/2021,442.48,444.34,438.04,439.26,306068
08/06/2021,440.21,441.69,435.07,438.69,196301
08/09/2021,436.97,438.25,435.345,437.73,165702
08/10/2021,439.2,445.375,437.35,442.74,182603
08/11/2021,443.29,446.8,441.72,445.39,209134
08/12/2021,446.8,446.8,437.91,438.07,213045
08/13/2021,438.19,441.23,437.36,438.69,166541
08/16/2021,436.24,442.845,434.29,440.08,181644
08/17/2021,437.54,438.245,432.88,435.94,216225
08/18/2021,433.37,437.22,427.88,428.36,238756
08/19/2021,424.46,432.37,423.36,429.66,191996
08/20/2021,431.73,435.46,430.78,430.99,527952
08/23/2021,433.41,435.87,431.66,432.35,234149
08/24/2021,433.28,435.725,430.76,430.99,199975
08/25/2021,430.92,436.83,430.75,435.82,181640
08/26/2021,434.78,434.78,428.31,428.81,336648
08/27/2021,431.46,433.82,430.8,432.13,139847
08/30/2021,432.52,438.52,432.3,434.6,161362
08/31/2021,434.58,436.98,431.68,433.7,397764
09/01/2021,434,434,424.66,429.23,306047
09/02/2021,431.25,436.05,430.98,435.4,269460
09/03/2021,433.8,433.89,428.9,429.65,226896
09/07/2021,429.5,429.5,421.4,421.45,321392
09/08/2021,419.9,421.91,414.191,418.15,357623
09/09/2021,418.53,420.735,415.62,416.54,275898
09/10/2021,417.85,418.75,414.66,415.23,217444
09/13/2021,417.73,417.785,408.09,413.24,297565
09/14/2021,415.44,415.44,407.9,409.88,368478
09/15/2021,409.6,414.84,407.91,412.12,286826
09/16/2021,412.45,412.77,408.42,409.06,232328
09/17/2021,406.52,407.085,402.01,402.48,475841
09/20/2021,397.25,404.88,396.18,404.18,275054
09/21/2021,404.68,406.64,400.96,401.27,196477
09/22/2021,403.73,405.16,401.22,402.18,168725
09/23/2021,403.64,406.41,402.36,403.39,155493
09/24/2021,402.44,406.735,402.44,405.35,139046
09/27/2021,405.68,413.18,404.8,408.22,222312
09/28/2021,407.15,409.75,402.31,402.73,230550
09/29/2021,405.35,407.135,401.4325,401.74,152739
09/30/2021,402.58,405.08,393.01,393.06,275356
10/01/2021,393.2,401.49,391.16,398.25,216919
10/04/2021,396.68,401,393.72,397.23,248985
10/05/2021,399.97,405.74,397.23,402.23,196961
10/06/2021,399.85,409.97,398.755,409.3,259699
10/07/2021,413.42,422.55,413.29,416.24,288041
10/08/2021,414.47,419.075,414.3,417.24,169686
10/11/2021,418.84,420.39,413.66,413.88,180626
10/12/2021,414,426.77,413.91,421.13,263564
10/13/2021,422.68,423.84,417.715,421.59,218327
10/14/2021,424.12,428.16,422.8,427.39,198021
10/15/2021,431.42,431.42,428.48,429.05,221050
10/18/2021,426.13,432.38,426.13,430.87,179045
10/19/2021,433.25,437.855,431.39,436.32,168951
10/20/2021,437.23,438.48,435.93,437.14,120863
10/21/2021,436.55,438.4,435.015,437.8,123622
10/22/2021,439.39,441.85,436.745,437.04,143106
10/25/2021,437.04,439.95,435.63,435.83,199492
10/26/2021,436.06,436.06,430.49,430.64,184699
10/27/2021,430.81,431.725,421.98,424.53,288768
10/28/2021,426.81,431.75,425.225,430.76,248687
10/29/2021,449.54,466.11,445,463.11,666016
11/01/2021,465,472.035,461.02,467.92,274261
11/02/2021,470.4,474.75,468.08,470.93,243005
11/03/2021,470.38,476.64,468.69,474.44,274684
11/04/2021,475.49,484.03,474.01,479.83,269572
11/05/2021,479.29,483.51,472.26,472.93,218953
11/08/2021,475.48,475.48,468.33,474.94,191923
11/09/2021,474.5,483.16,474.5,482.13,275140
11/10/2021,482.93,484,477.68,481.01,124025
11/11/2021,480.48,484.765,476.885,484.61,177970
11/12/2021,486.48,491.265,483.74,489.83,120130
11/15/2021,490.33,491.38,484.25,484.42,189552
11/16/2021,485.47,494.22,485.47,489.92,147146
11/17/2021,490,490,483.245,486.58,151269
11/18/2021,488.1,488.1,481.02,482.27,161534
11/19/2021,483.37,485.47,479.84,482.62,213571
11/22/2021,484.2,495.78,481.81,492.75,279870
11/23/2021,493.49,499,489.195,498,209119
11/24/2021,498.01,501.045,496.355,498.44,215822
11/26/2021,492.06,495.74,488.05,489.54,172815
11/29/2021,494.3,497.9,488.755,495.58,169306
11/30/2021,492.95,493.68,479.68,481.41,510798
12/01/2021,486.69,489.57,476.89,477.26,305690
12/02/2021,479.3,491.19,478.2,488.01,190301
12/03/2021,489.71,492.13,483.04,491.44,300693
12/06/2021,495.08,502.32,492.76,499.95,297505
12/07/2021,501.7,510.42,501.7,507.72,200094
12/08/2021,506.32,507.59,500.55,505.7,182246
12/09/2021,505.54,505.54,502.26,503.55,231276
12/10/2021,507.74,514.6025,503.29,513.67,187890
12/13/2021,514,514,504.81,506.85,216331
12/14/2021,505.62,509.05,502.576,507.76,151875
12/15/2021,511.36,515.33,505.76,513.95,195787
12/16/2021,516.16,516.35,503.57,508.33,267282
12/17/2021,507.78,510.39,490.83,492.89,588503
12/20/2021,488.53,490.73,480.21,489.33,269721
12/21/2021,492.51,497.49,490.64,496.79,256626
12/22/2021,497.39,500.81,497.205,499.17,229946
12/23/2021,499.98,508.44,499.98,503.01,223848
12/27/2021,505.82,516.45,505.82,516.15,147032
12/28/2021,516.88,521.15,516.43,520.87,155218
12/29/2021,520.87,527.06,520.87,525.39,155241
12/30/2021,524.64,525.91,516.61,516.66,108644
12/31/2021,516,521.23,515,518.24,139806
01/03/2022,517.51,521.39,504.42,510.2,203651
01/04/2022,508.38,523.22,508.38,520.47,198407
01/05/2022,519.7,523.91,508.17,508.35,236444
01/06/2022,509.86,514.47,506.39,510.13,206253
01/07/2022,509,510.99,505.44,505.64,175091
01/10/2022,501.69,502.125,495.36,500.1,196942
01/11/2022,500.1,506.575,491.26,505.98,194656
01/12/2022,508.65,515.04,507.63,509.44,243965
01/13/2022,511.9,516.24,505.8,508.17,239532
01/14/2022,504.22,505.84,490.98,504.56,307072
01/18/2022,500.57,515.61,491.78,506.83,361959
01/19/2022,513.08,513.08,496.5,497.31,183746
01/20/2022,498.03,502.77,490.23,490.96,252672
01/21/2022,491.79,502.76,490.24,492.95,262788
01/24/2022,486.76,494.42,479.69,494.05,335818
01/25/2022,487.4,490.53,476,486.26,297632
01/26/2022,488.13,493.125,477.12,481.02,625774
01/27/2022,485.94,488.09,477.06,481.58,313090
01/28/2022,482.36,495.75,475.7,495,233573
01/31/2022,491.01,496.69,488.18,495.11,515258
02/01/2022,499.11,502.99,490.07,494.98,249793
02/02/2022,495,503.11,490.635,501.14,358554
02/03/2022,513.4,525.43,506.57,507.58,565667
02/04/2022,506.32,510.5,486.98,487.68,456100
02/07/2022,487.86,488.96,477.031,478.32,356514
02/08/2022,479.47,483.99,476.44,482.31,316282
02/09/2022,486.07,492.875,481.27,489.23,293639
02/10/2022,481.98,483.76,469.43,473.52,388892
02/11/2022,471.9,472.36,458.9,467.69,457567
02/14/2022,466.17,470.9,462.28,466.39,271406
02/15/2022,471.5,473.19,467.41,469.64,226886
02/16/2022,468.07,475.435,465.96,474.8,174833
02/17/2022,473.18,475.64,467.22,471.37,295676
02/18/2022,469.77,476.42,468.09,473.93,238816
02/22/2022,474.06,476.475,467.9,472.19,341027
02/23/2022,473.84,477.94,461.85,462.39,322405
02/24/2022,455.73,467,453.67,466.28,494314
02/25/2022,466.71,477.01,465.1998,476.71,232022
02/28/2022,470.17,477.18,468.01,477.06,378062
03/01/2022,476.89,479.98,462.4812,466.37,310625
03/02/2022,468.33,482.41,466.38,480.84,327462
03/03/2022,483.42,486.05,479.94,481.3,344618
03/04/2022,476.09,488.105,472.64,488.01,280964
03/07/2022,482.94,505.84,482.31,490.97,406766
03/08/2022,493.81,503.49,489.24,490.08,266505
03/09/2022,496,498.51,486.85,487.41,254045
03/10/2022,480.75,486.21,472.3172,484.75,261634
03/11/2022,486.99,489.48,471.76,472.26,283345
03/14/2022,473.27,487.48,469.95,483.4,319854
03/15/2022,490.33,499.87,487.78,497.75,298826
03/16/2022,501.89,507.32,482.73,491.18,260526
03/17/2022,491.2,500.3,489.12,498.09,191983
03/18/2022,498.03,502.85,488.15,501.95,455098
03/21/2022,505.89,507.1427,501.53,506.26,228613
03/22/2022,506.06,507.93,499.94,502.72,241305
03/23/2022,499.9,505.9,495.26,504.82,432147
03/24/2022,507.7,509.14,498.56,501.24,307314
03/25/2022,505.25,507.59,500.36,506.35,202857
03/28/2022,505.24,513.25,502.52,513.1,270669
03/29/2022,516.18,520.25,509.55,518.87,210793
03/30/2022,518.8,524.27,514.23,520.64,167320
03/31/2022,519.95,526.015,515.79,515.79,320513
04/01/2022,519.03,520,507.6,517.55,255406
04/04/2022,517.42,519.55,513.35,519.33,190348
04/05/2022,516.75,525.1726,515.335,518.85,235310
04/06/2022,517.32,526.91,515.855,526.12,294562
04/07/2022,526.71,527.12,516.51,521.42,345658
04/08/2022,521.01,524.255,514.5436,518.55,249709
04/11/2022,517.79,522.66,515.95,518.66,177083
04/12/2022,518.12,529.54,518.12,523.5,287036
04/13/2022,523.25,529.91,522.5,527.11,228554
04/14/2022,517.96,520.84,491.33,491.43,532653
04/18/2022,488.62,494.93,487.01,490.58,287765
04/19/2022,493.49,508.95,490.13,507.73,308659
04/20/2022,511.93,520.49,510.625,511.28,229104
04/21/2022,515.12,519.91,506.76,511.99,245017
04/22/2022,509.02,510.85,499.1,499.34,225836
04/25/2022,496.34,496.34,482.12,492.19,426771
04/26/2022,489.5,496.24,485.845,492.13,318066
04/27/2022,492.13,502.71,491.95,495.71,529639
04/28/2022,503.32,519.81,501.36,514.93,450185
04/29/2022,514.07,516.67,498.35,500.03,422549
05/02/2022,504.41,507.7619,480.98,490.82,387495
05/03/2022,491.96,492.31,480.66,483.99,452474
05/04/2022,485.51,505.71,485.5,505.05,442568
05/05/2022,499.17,501.51,478.04,483.14,321766
05/06/2022,476.59,481.9,470.35,477.92,299701
05/09/2022,472.14,480.015,472.14,476.82,387496
05/10/2022,479.68,479.68,463.82,469.33,265111
05/11/2022,469.94,471.98,457.27,459.18,430982
05/12/2022,457.42,471.53,455.611,469.24,373240
05/13/2022,473.05,478.83,470.155,477.33,344957
05/16/2022,475.75,477.02,466.59,473.96,244070
05/17/2022,480.55,484.19,474.945,482.19,201372
05/18/2022,476.42,477.605,465.04,465.78,316851
05/19/2022,461.14,472.42,458.12,466.96,300262
05/20/2022,470.35,472.34,458.3862,464.54,270612
05/23/2022,469.98,472.24,463.46,467.1,209476
05/24/2022,466.77,473.78,462.57,472.01,248806
05/25/2022,468.11,472.77,464.57,469.26,282582
05/26/2022,473.71,480.605,471.4944,477.43,207891
05/27/2022,479.98,490.41,479.98,490.39,202820
05/31/2022,485.83,489.2,479.915,487.07,454274
06/01/2022,488.4,496.9,482.2,494.39,274458
06/02/2022,496,501.9,493.73,498.68,192089
06/03/2022,496.59,501.47,493.74,496.28,234643
06/06/2022,498.78,501.83,496.42,498.73,161135
06/07/2022,494.66,507.21,491.89,507.17,176300
06/08/2022,503.83,508.77,497.645,498.5,210867
06/09/2022,499.15,503.33,494.29,494.42,176247
06/10/2022,490.79,493.6799,483.05,488.74,334136
06/13/2022,482.28,484.94,470.97,478.19,384474
06/14/2022,476.57,480.99,466.4,469.9,267158
06/15/2022,471.8,478.16,467.04,473.06,397597
06/16/2022,464.24,469.39,453.64,455.69,460976
06/17/2022,452.66,455.38,440.48,442.09,582952
06/21/2022,447.32,452.49,446,449.84,294832
06/22/2022,442,450.89,442,449.56,318421
06/23/2022,450.43,452.17,441.46,446.08,239654
06/24/2022,451.48,461.35,449.8733,460.95,348300
06/27/2022,461.73,467.09,459.93,464.15,181428
06/28/2022,464.89,468.99,449.59,450.65,311469
06/29/2022,452.44,454.6,447.29,453.95,211344
06/30/2022,449.65,458.2,446.66,454.43,312458
07/01/2022,455.33,463.69,451.075,461.31,281095
07/05/2022,454.89,456.67,446.72,455.17,357823
07/06/2022,457.12,472.965,457.12,470.12,421665
07/07/2022,470.96,474.21,467.355,473.82,265526
07/08/2022,474.22,477.44,468.71,475.13,213512
07/11/2022,472.55,478.91,472.55,477.71,248589
07/12/2022,474.44,483.01,472.355,474.17,314213
07/13/2022,464.65,464.65,453.87,454.35,635253
07/14/2022,445.9,457.23,441.63,456.35,336614
07/15/2022,462.97,463.56,455.63,457.4,314259
07/18/2022,458.67,461.66,452.46,453.26,358477
07/19/2022,458.94,467.615,456.615,465.93,292860
07/20/2022,466.81,472.03,462.62,471.45,212508
07/21/2022,470.25,473.45,466.4378,473.32,258659
07/22/2022,475.89,478.95,471.01,473.88,220186
07/25/2022,473.4,482.48,471.645,482.12,214126
07/26/2022,479.91,480.535,473.67,479.57,272164
07/27/2022,478.62,489.74,472.99,487.61,390743
07/28/2022,491.2,502.915,488.94,501.88,480014
07/29/2022,520,544.82,519.11,543.53,773745
08/01/2022,540.99,553.53,535.5,549.6,450449
08/02/2022,550,550.05,539.29,540.25,376399
08/03/2022,541,545.57,535.09,543.02,318615
08/04/2022,544.66,547.09,541.005,543.34,202603
08/05/2022,537.1,556.44,537.1,556.02,327749
08/08/2022,559.95,564.03,557.815,562.29,260730
08/09/2022,560,566.305,557.3,557.97,238917
08/10/2022,567.15,569.745,563.475,564.97,241768
08/11/2022,567.51,571.83,565.65,566.36,206210
08/12/2022,567,580.26,567,579.88,209204
08/15/2022,574.34,588.43,573.565,582.8,257848
08/16/2022,580.13,588.62,580.13,584.19,200333
08/17/2022,579.63,587.36,578.11,583.68,252328
08/18/2022,585.98,588.36,582.62,585.57,215536
08/19/2022,584.09,584.58,579.11,583.91,183574
08/22/2022,577.73,580.46,571.615,572.45,210228
08/23/2022,571.18,579.655,571.18,576.74,202694
08/24/2022,577.97,579.28,574.19,579.04,206998
08/25/2022,579.98,584.2616,576.73,583.28,184611
08/26/2022,582.68,584.36,565.91,566.24,233627
08/29/2022,560.16,569.21,558.67,565.45,200876
08/30/2022,562.32,562.76,550.14,556.39,328643
08/31/2022,555.81,560.46,552.585,554.94,367117
09/01/2022,552.12,558.94,550.895,557.05,292657
09/02/2022,560.2,565.82,552.52,555.31,196110
09/06/2022,555.82,562.36,552.22,561.4,336943
09/07/2022,562.68,575.49,559.205,573.78,290411
09/08/2022,571.84,573.58,565.69,570.79,210272
09/09/2022,576.66,577.075,570.45,572.74,273027
09/12/2022,573.22,573.555,563.86,568.1,295641
09/13/2022,560,563.99,554.47,557.15,484174
09/14/2022,557.77,559.75,544.73,548.24,334129
09/15/2022,547.59,550.4389,531.1,532.83,405478
09/16/2022,529.96,531.77,519.99,526.16,1093383
09/19/2022,522.27,536.35,522.27,535.1,411461
09/20/2022,528.73,534.33,524.11,531,352374
09/21/2022,538.91,542.29,516.73,516.75,557731
09/22/2022,516.75,516.98,501.01,504.24,520992
09/23/2022,498.96,502.96,490.715,494.85,509783
09/26/2022,494.59,498.49,487.41,489.34,401978
09/27/2022,494.79,496.9799,483.19,487.1,366144
09/28/2022,491.84,496.515,483.585,493.83,478741
09/29/2022,490.14,490.93,484.88,486.9,329350
09/30/2022,489.66,493.56,484.52,489.19,538190
10/03/2022,496.24,509.08,494.855,506.82,308994
10/04/2022,514.69,522.37,514.69,521.23,300522
10/05/2022,517.66,525.305,515,518.76,235169
10/06/2022,516.22,521.17,508.55,509.59,231331
10/07/2022,506.53,506.53,497.79,500.92,291691
10/10/2022,504.41,508.19,498.22,504.12,191743
10/11/2022,502.84,514.97,502.84,514.09,389117
10/12/2022,518.8,518.8,505.97,506.24,364279
10/13/2022,494.32,520.52,488.235,518.39,378247
10/14/2022,521.56,523.405,499.84,501.17,264541
10/17/2022,510.78,519.16,510.78,517.23,282042
10/18/2022,528.03,532.49,520.6,531.62,281456
10/19/2022,525.95,530.215,515.97,521.13,193694
10/20/2022,521.68,521.68,503.61,509.19,327107
10/21/2022,511.94,522.08,508.21,519.68,263258
10/24/2022,524.47,529.9329,521.33,525.11,188296
10/25/2022,522.98,532.35,521.605,530.8,238402
10/26/2022,534.95,538.68,524,531.13,296019
10/27/2022,534.78,543.895,532.148,537.67,457388
10/28/2022,545,575.88,545,575.88,650424
10/31/2022,576.12,587.31,576.12,584.35,517574
11/01/2022,589.42,595.385,578.705,592.7,284162
11/02/2022,590.63,601.975,582.89,583.98,342377
11/03/2022,577.31,603.09,571.83,594.4,402923
11/04/2022,600.68,603.85,583.82,593.64,293072
11/07/2022,593.82,596.42,590.61,595.35,219447
11/08/2022,594.74,606.12,593.375,600.66,362025
11/09/2022,598.41,604.9,590.73,591.01,234039
11/10/2022,608.61,612.06,601.44,608.38,352591
11/11/2022,607.77,609.69,581.59,586.52,448221
11/14/2022,580,599.155,580,585,374989
11/15/2022,584.27,585.85,576.46,581.81,399739
11/16/2022,583.98,594.4,583.86,588.89,235676
11/17/2022,584.1,594.91,581.92,593.95,290756
11/18/2022,599.91,601.33,593.06,597.03,216223
11/21/2022,596.12,605.155,596.12,600.62,224065
11/22/2022,605.2,611.02,599.92,605.47,210997
11/23/2022,605.53,608.665,602.95,604.32,144347
11/25/2022,606.82,608.4,601.26,604.25,71435
11/28/2022,600.87,603.59,593.421,594.56,168644
11/29/2022,593.95,596.8,588.68,590.99,191548
11/30/2022,587.71,604.445,582.92,603.06,641541
12/01/2022,605.19,605.19,597.05,603.18,246596
12/02/2022,598.62,604.005,593.295,602.08,298265
12/05/2022,595.83,598.16,584.805,586.45,251907
12/06/2022,588.11,591.45,575.96,580.34,309869
12/07/2022,579.42,592.21,577.62,586.41,275328
12/08/2022,589.98,597.82,589.92,593.25,349271
12/09/2022,593.76,597.5,587.3,588.06,172297
12/12/2022,590.12,593.46,585.48,593.46,249547
12/13/2022,605.95,605.95,576.72,584.93,392431
12/14/2022,585.38,588,570.27,576.02,529831
12/15/2022,570.77,572.17,557.815,561.53,396607
12/16/2022,555.5,559.63,551.47,558.65,770647
12/19/2022,558.89,565.52,557.27,561.27,287863
12/20/2022,561,566.775,559.69,562.74,340215
12/21/2022,566.1,568.425,562.12,567.42,181755
12/22/2022,563,563,552.09,561.37,205692
12/23/2022,562.02,567.465,561,565.1,110389
12/27/2022,569.27,569.27,561.82,565.33,229474
12/28/2022,566.42,567.86,555.7671,557.06,155532
12/29/2022,559.58,563.82,557.85,562.22,177495
12/30/2022,561.52,561.989,550.845,556.25,177637
01/03/2023,558.54,559.12,549.08,555.93,271114
01/04/2023,556.31,561.22,544.905,554.03,238426
01/05/2023,552.46,556.33,534.01,537.53,297193
01/06/2023,545.19,553.835,543.46,552.73,210889
01/09/2023,556.75,572.16,553.85,557.63,293515
01/10/2023,557.63,567.88,557.63,563.92,276213
01/11/2023,566.08,582.28,566.05,582.28,357788
01/12/2023,582.51,586.39,570.1901,572.54,237306
01/13/2023,566.43,574.14,563.68,573.86,167063
01/17/2023,578.22,579.78,571.18,571.67,362538
01/18/2023,573.02,577.39,567.825,570.67,244822
01/19/2023,570.1,573.83,547.05,547.73,448340
01/20/2023,546.78,561.69,544.95,560.24,274010
01/23/2023,560.19,569.36,560.17,561.72,183464
01/24/2023,565.98,571.485,556.77,570.83,142456
01/25/2023,564.68,568.51,557.68,559.85,217234
01/26/2023,563,569.89,558.8,564.93,249293
01/27/2023,565.22,573.715,565.22,571.79,158757
01/30/2023,569.97,585.87,569.95,575.32,401495
01/31/2023,577.33,590.45,573.71,589.48,470138
02/01/2023,584.63,604.485,584.63,598.05,502361
02/02/2023,638.08,676.12,628.18,675.57,988828
02/03/2023,672.08,685.225,662.76,675.81,465690
02/06/2023,675.81,683.89,671.51,674.28,409063
02/07/2023,668.45,679.905,660.21,678.28,284424
02/08/2023,674.88,680.11,663.525,663.77,310653
02/09/2023,664.82,669.37,658.32,661.11,254812
02/10/2023,656.38,657.21,649.2,656.49,386287
02/13/2023,659.37,670.17,656.66,668.57,238345
02/14/2023,665.28,673.74,659.45,666.54,203199
02/15/2023,662.73,674.19,660.75,672.67,181457
02/16/2023,667.24,675.58,665.32,670.09,192986
02/17/2023,670.67,682.74,669.7125,677.35,324023
02/21/2023,670.05,674.12,656.15,656.19,249180
02/22/2023,657.59,661.02,654.45,657.7,204219
02/23/2023,659.98,661.2,650.705,657.94,195550
02/24/2023,657.93,665.71,652.25,664.1,215345
02/27/2023,667.88,679.9338,666.3,675.02,326185
02/28/2023,672.66,679.58,667.5,668.43,391818
03/01/2023,667,678.4,666.305,671.01,229961
03/02/2023,671.5,686.88,670.23,684.5,215748
03/03/2023,690.59,697.91,686.5901,697.59,346712
03/06/2023,696.56,709.21,696.56,699.65,341130
03/07/2023,698.66,706.89,693.5934,694.67,230705
03/08/2023,693.42,702.31,693.42,700.4,221103
03/09/2023,703.06,704.89,690.34,693.01,192065
03/10/2023,694.14,694.14,674.03,677.88,238574
03/13/2023,673.84,685.74,668.47,674.86,285238
03/14/2023,683.33,690.98,676.82,686.13,297069
03/15/2023,674.74,676.92,656.17,667.74,469905
03/16/2023,663.09,683.83,663.09,681.33,335023
03/17/2023,680.43,681.29,662,663.5,517323
03/20/2023,667.35,676.475,667.35,673.89,317850
03/21/2023,681.69,683.1125,674.015,680.82,384991
03/22/2023,677.12,686.69,668.11,668.61,223862
03/23/2023,668.41,675.6,659.22,665.38,235292
03/24/2023,661.68,668.825,650.46,663.6,270307
03/27/2023,668.55,673.17,665.11,671.66,179644
03/28/2023,671.11,677.28,666.41,675.84,150000
03/29/2023,681.79,681.79,671.27,675.04,221983
03/30/2023,677.64,678.475,667.89,669.27,202998
03/31/2023,673.3,689.74,672.81,688.81,305173
04/03/2023,685.16,687.2,677.3,683.17,282616
04/04/2023,681.97,686.7,652.8,656.68,333756
04/05/2023,650.57,653.17,632.26,646.25,460959
04/06/2023,642,648.57,637.42,641.66,318621
04/10/2023,641.3,653.61,639.595,651.46,227978
04/11/2023,652.28,655.99,647.18,648.4,246518
04/12/2023,654.39,663.865,650.72,655.38,272889
04/13/2023,647.87,651.26,625.97,646.69,418289
04/14/2023,645.65,659.82,645.65,651.11,281468
04/17/2023,653.99,661.2,652.48,660.82,228352
04/18/2023,664.59,666.36,656.71,666.34,287907
04/19/2023,664.06,667.87,658.23,665.43,177605
04/20/2023,663.01,671.87,659.83,667.17,180214
04/21/2023,668.99,670.62,664.14,670.11,192334
04/24/2023,672.15,678.33,671.78,675.32,203917
04/25/2023,674.72,678,668.98,671.83,208526
04/26/2023,666.09,669.59,659.81,659.82,342460
04/27/2023,679.71,696.6,672.3,696.36,535939
04/28/2023,698.69,698.69,689.5101,695.57,448926
05/01/2023,697.98,703.87,695.33,695.96,267245
05/02/2023,693,695.625,680.975,688.81,222102
05/03/2023,692.77,697.405,681.2,683.61,363876
05/04/2023,681.71,681.71,662.61,667.5,248102
05/05/2023,669.98,678.18,669.67,675.51,236715
05/08/2023,674.98,679.035,671.16,678.22,180231
05/09/2023,677.02,685.89,677.01,684.51,192825
05/10/2023,690.91,690.91,672.46,681.46,180724
05/11/2023,677.43,684.49,674.23,684.37,280232
05/12/2023,686.31,691.335,677.63,684.62,176802
05/15/2023,682.12,682.275,668.99,670.39,263704
05/16/2023,666.77,670,659.9,664.26,231569
05/17/2023,668.35,673.2799,663.91,671.27,178686
05/18/2023,673.56,680.18,669.97,679.29,149020
05/19/2023,683.76,686.505,677.6,681.78,260108
05/22/2023,681.57,683.98,669.45,671.3,266715
05/23/2023,666.58,668.88,659.37,659.64,269780
05/24/2023,661.4,661.4,653.615,656.58,250915
05/25/2023,660.04,660.98,654.495,659.61,286236
05/26/2023,660.47,665.92,655.07,664.23,200619
05/30/2023,664.23,664.45,652.31,654.06,309225
05/31/2023,652.3,653.27,647.07,649.02,573463
06/01/2023,650.55,655.8,641.95,655.31,264796
06/02/2023,657.64,678.65,654.65,677.77,384661
06/05/2023,677.44,679.34,673.2,675.66,249996
06/06/2023,668.28,686.57,661.01,685.81,556646
06/07/2023,686.48,697.88,683.84,697.84,271529
06/08/2023,696.89,707.39,694.22,704.98,265976
06/09/2023,707.04,708.4,695.99,706.48,230594
06/12/2023,708.79,723.33,705.21,722.33,296549
06/13/2023,721.32,738.88,721.32,736.98,307675
06/14/2023,735.88,740.31,723.74,727.07,240017
06/15/2023,726.99,745.73,723.8,743.89,254349
06/16/2023,744.29,748.76,731.295,732.43,419451
06/20/2023,730,736.5195,725.53,730.68,274119
06/21/2023,729.65,743.54,728.605,742.1,292222
06/22/2023,742.36,743.5,735.26,735.93,238578
06/23/2023,732.77,741.149,729.95,737.9,293241
06/26/2023,736.95,751.22,736.95,748.09,183356
06/27/2023,749.78,771.34,748.19,770.5,287978
06/28/2023,768.22,778.16,763.22,772.99,278146
06/29/2023,771.59,782.83,770.16,782.3,201708
06/30/2023,787.4,795.83,785.92,788.59,271581
07/03/2023,786.75,787.54,778.36,782.56,135490
07/05/2023,772.68,783.635,768.1,782.69,245811
07/06/2023,778.31,780.63,769.99,778.89,251933
07/07/2023,776.48,788.59,775.085,776.18,242871
07/10/2023,777.61,797.28,776.56,796.74,188095
07/11/2023,799.87,811.6,789.795,795.7,360074
07/12/2023,789.75,793.635,773.315,777.3,348245
07/13/2023,769.3,773.22,761.27,761.57,430720
07/14/2023,762,763.455,750.4766,763.35,374177
07/17/2023,762.97,767.57,758.51,764,294239
07/18/2023,759.04,763.49,750.511,760.21,298954
07/19/2023,757.74,770.205,757.74,766.05,302736
07/20/2023,769.9,769.9,757.64,767.15,373629
07/21/2023,769.58,772.91,765.4994,769,320491
07/24/2023,770.54,777.86,767.14,769.26,395092
07/25/2023,767.1,770.79,764.5,766.61,278385
07/26/2023,759.53,768.86,759.18,762.12,272997
07/27/2023,735.63,751.76,719.2,724.67,610927
07/28/2023,731.42,734.31,724.05,731.37,258201
07/31/2023,733.14,739.36,728.29,738.49,274827
08/01/2023,734.76,737.5225,717.23,725.32,614352
08/02/2023,724.54,730.72,720.49,721.75,341444
08/03/2023,714.59,723.815,713,722.88,297339
08/04/2023,725.23,725.93,706.595,708.27,324346
08/07/2023,713.69,720.95,712.66,717.25,241524
08/08/2023,714.89,716.15,707.25,713.48,270570
08/09/2023,714.93,719.875,711.77,714.71,143884
08/10/2023,715.93,722.085,710.45,712.28,152341
08/11/2023,710.59,715.315,708.14,713.34,130305
08/14/2023,712,717.27,711.78,715.68,133379
08/15/2023,713.27,715.98,712.225,712.88,158986
08/16/2023,715.04,723.01,708.235,709.31,184872
08/17/2023,711.35,716.83,702.28,703.35,222292
08/18/2023,698.17,704.81,696.475,703.55,186065
08/21/2023,703.55,708.02,695.45,703.06,140960
08/22/2023,705.25,707.16,697.32,698.87,154087
08/23/2023,702.11,710.205,699.55,707.13,187981
08/24/2023,706.42,716.44,706.42,708.43,258655
08/25/2023,711.41,720.64,710.27,714.56,177108
08/28/2023,715.21,720.41,708.04,710.22,246098
08/29/2023,707.78,719.905,702.02,717.8,170180
08/30/2023,719,726.48,717.61,725.31,135070
08/31/2023,726.8,730.44,713.79,714.14,353220
09/01/2023,718.15,719.17,701.645,710.78,263707
09/05/2023,707.72,707.895,689.07,693.01,220127
09/06/2023,693.48,697.6,688.07,693.54,224181
09/07/2023,692.31,694.77,687.8,691.79,261933
09/08/2023,690.43,694.91,689.605,689.93,223991
09/11/2023,692.1,694.87,688.05,691.99,180642
09/12/2023,689.38,695.21,685.157,686.53,162624
09/13/2023,685.01,690.35,683.44,684.95,181916
09/14/2023,692.1,697.7499,688.58,696.26,209374
09/15/2023,696.96,698.34,690.83,693.12,304237
09/18/2023,694,697.9425,692.32,693.81,247911
09/19/2023,692.38,694.245,687.32,691.06,156191
09/20/2023,693.17,700.055,683.83,684.99,154767
09/21/2023,683.23,690.58,678.63,682.46,271311
09/22/2023,681.57,689.525,680.135,681.48,160703
09/25/2023,680.42,692.115,680.42,689.89,176354
09/26/2023,689.68,693.965,684.88,685.53,237111
09/27/2023,690.88,700.97,687.43,700.11,243519
09/28/2023,702.15,707.19,697.37,698.85,252160
09/29/2023,701.38,703.68,689.65,691.84,225786
10/02/2023,693.15,701.21,692.21,694.62,280325
10/03/2023,695,701.65,683.8,687.03,365684
10/04/2023,688.64,699.88,684.68,698.83,257478
10/05/2023,699.97,705.03,693.02,702.55,205215
10/06/2023,700.73,722.52,700.41,716.32,315973
10/09/2023,716.32,727.28,714.92,725.91,256623
10/10/2023,725.91,726.12,710.5,710.88,354734
10/11/2023,709.09,716.54,706.44,714.29,230573
10/12/2023,726.89,745.17,726.02,735.38,437778
10/13/2023,738.09,740.18,727.95,731.46,274284
10/16/2023,737.15,741.61,723.84,731.78,219046
10/17/2023,730.96,739.01,728.43,738.16,158048
10/18/2023,736.27,736.27,711.82,711.86,234738
10/19/2023,713.55,718.51,700.92,702.83,267037
10/20/2023,704.63,704.63,691.13,691.49,224232
10/23/2023,692.42,697.46,686.25,686.32,227744
10/24/2023,691.84,693.99,684.44,686.71,275582
10/25/2023,684.71,686.16,674.41,677.41,325146
10/26/2023,705.96,710.92,687.55,699.67,456957
10/27/2023,702.25,711.93,699.975,706.76,409250
10/30/2023,711.8,730.5899,710.24,726.06,444763
10/31/2023,725.76,738.36,721.99,729.83,412936
11/01/2023,731.85,747.52,727.99,742.1,372370
11/02/2023,747,760.55,747,756.29,335882
11/03/2023,761.13,773.17,757.78,767.73,363791
11/06/2023,766.45,767.66,758.11,767.14,269819
11/07/2023,766.48,776.98,764.13,772.93,278465
11/08/2023,776.26,784.91,773.27,781.02,334612
11/09/2023,783.58,793.83,781.02,781.73,315224
11/10/2023,782.68,794.14,781.93,792.25,232835
11/13/2023,789.75,795.21,787.77,789.66,291245
11/14/2023,792.48,806.29,792.48,801.45,295469
11/15/2023,804,806.13,793.31,794.8,284466
11/16/2023,795.81,801.07,793.64,795.05,232538
11/17/2023,797.93,802.68,793.98,802.2,207215
11/20/2023,800,809.62,796.15,808.77,198268
11/21/2023,810,813.1,806.508,806.77,192776
11/22/2023,810.24,812.34,806.7,808.98,160196
11/24/2023,811.86,813.86,806.55,812.3,87985
11/27/2023,808.93,815.52,807.83,810.36,240816
11/28/2023,807.72,814.53,773.535,775.14,464480
11/29/2023,780.07,780.305,772.1275,775.69,308503
11/30/2023,777.46,786.53,775,786.19,364994
12/01/2023,785.85,804.585,785.05,803.58,281450
12/04/2023,796.02,806.64,796.02,801.4,178284
12/05/2023,800,802.395,794,798.57,165545
12/06/2023,801.1,812.87,801.1,802.53,212376
12/07/2023,809.86,812.21,802.62,807.4,240510
12/08/2023,808.43,810.21,802.15,804.05,235811
12/11/2023,804.3,817.96,804.3,817.44,227260
12/12/2023,817.2,824.635,816.85,821.07,210968
12/13/2023,821.17,824.98,811.87,818.81,220713
12/14/2023,821.29,830.845,813.42,828.81,285835
12/15/2023,820.7,826.17,817.63,823.54,503834
12/18/2023,828.01,835.62,824.48,833.16,195142
12/19/2023,836.38,841,830.11,830.19,209059
12/20/2023,818.43,832.9,814.23,816.01,430808
12/21/2023,823.39,825.66,819.115,824.04,138421
12/22/2023,825.32,832.84,821.96,827.85,164466
12/26/2023,829.56,831.995,826.22,828.43,102249
12/27/2023,827.98,832.72,825.38,831.3,151666
12/28/2023,827.21,830.9,825.75,827.1,129093
12/29/2023,827.06,832.65,824.44,828.69,153690
01/02/2024,821.49,825.8,809.12,813.24,240884
01/03/2024,813.24,819,800.97,808.95,283058
01/04/2024,808.41,819.1,808.41,815.98,242769
01/05/2024,812.88,823.25,811.87,818.71,229787
01/08/2024,821.5,822.24,810.58,822.23,171426
01/09/2024,813.63,824.66,806.08,823.99,247922
01/10/2024,825.23,832.89,823.17,830.83,198950
01/11/2024,830.83,838.9,826.55,837.07,204025
01/12/2024,842.23,844.52,833.28,842.12,168839
01/16/2024,840.21,841.325,833.5,840.55,240825
01/17/2024,838.14,843.47,836.84,839.08,329927
01/18/2024,860.69,877.33,855.011,872.2,647810
01/19/2024,875.8,879.56,862.38,864,312677
01/22/2024,868.57,877.445,865.5,876.66,266893
01/23/2024,878,878.36,866.03,875.64,302641
01/24/2024,877.73,881.925,868.535,871.24,169012
01/25/2024,870.99,882.95,870.99,881.45,245503
01/26/2024,881.47,883.41,874.395,883.24,189441
01/29/2024,881.46,897.72,879.465,896.16,334088
01/30/2024,893.07,919.44,889.55,914.78,485174
01/31/2024,910.24,922.5,893.06,895.64,600260
02/01/2024,901.37,925.15,896.545,922.64,349011
02/02/2024,933,978.95,909.15,972.54,597000
02/05/2024,960,964.47,941.42,945.64,359885
02/06/2024,947.6,947.6,934.22,940.34,276001
02/07/2024,946.7,952.725,943,945,275358
02/08/2024,947.75,952.55,941.78,949.93,207509
02/09/2024,949.14,962.21,946.13,959.01,237233
02/12/2024,957.33,957.87,946.99,947.21,138314
02/13/2024,931.99,943.6599,928.405,935.41,190492
02/14/2024,943.07,948.99,938,944.4,163563
02/15/2024,948.47,950.435,938.72,943.69,179825
02/16/2024,945.12,948.24,934.785,935.8,176544
02/20/2024,927.09,940.54,926.61,935.15,220748
02/21/2024,935.13,941.37,927.45,941.04,157356
02/22/2024,951.45,967.3134,951.27,958.18,207548
02/23/2024,957.72,967.3299,950.89,958.93,158552
02/26/2024,962.58,970.265,962.25,963.63,179669
02/27/2024,961.83,972.71,960.995,969.54,138146
02/28/2024,970.65,976.84,966.59,974.7,142506
02/29/2024,976.49,979.475,962.95,973.46,395573
03/01/2024,973.12,983.14,972.91,980.9,192990
03/04/2024,979.77,998.405,979.77,987.6,244288
03/05/2024,982.72,999,981.45,985.76,222771
03/06/2024,988.85,991.715,977.625,982.6,238751
03/07/2024,987.83,995.41,981.4,989.04,189635
03/08/2024,989.04,995.68,970.32,970.32,206612
03/11/2024,966.08,966.08,954.67,963.99,159190
03/12/2024,966.12,977.43,965.28,972.43,136116
03/13/2024,974.13,976.63,961.8,974.74,303143
03/14/2024,1016.89,1016.89,981.125,991.69,284580
03/15/2024,984.22,995.08,984.045,994.37,277974
03/18/2024,1001.61,1013.62,991.575,994.49,187143
03/19/2024,995.2,1004.69,994.245,1001.66,166435
03/20/2024,1004.5,1016.66,1001.57,1016.16,177443
03/21/2024,1019.07,1034.18,1012.2818,1029.55,200948
03/22/2024,1030,1030,1020.78,1027.1,130925
03/25/2024,1020.72,1021.87,1006.26,1007.74,284989
03/26/2024,1006.8,1014.33,1004.49,1005.37,212323
03/27/2024,1010.74,1021.22,1007.14,1020.17,172262
03/28/2024,1019.33,1026.475,1015.37,1017.3,165154
04/01/2024,1015.76,1017.62,1007.543,1009.64,122841
04/02/2024,1010.09,1010.36,996.36,1000.5,187434
04/03/2024,998.03,1012.41,998.03,1006.7,163983
04/04/2024,1012.49,1016.355,990.64,993.17,157389
04/05/2024,999.75,1018.54,995.03,1014.83,138671
04/08/2024,1015.58,1021.605,1012.46,1014.72,148557
04/09/2024,1015.91,1015.91,986.47,1007.71,190205
04/10/2024,1002.21,1014.5499,995.48,1000.85,235436
04/11/2024,974.24,989.12,962.06,966.27,371887
04/12/2024,961.18,970.1,958.88,964.97,249489
04/15/2024,980.05,980.05,950,955.42,230796
04/16/2024,958.54,960.73,950.52,956.69,194598
04/17/2024,962.48,962.48,943.14,949.92,157907
04/18/2024,955.99,955.99,935.89,937.54,184322
04/19/2024,940.52,946,932.79,942.65,249536
04/22/2024,948.48,956.15,940.41,942.07,288427
04/23/2024,945.94,961.98,942.071,955.79,198541
04/24/2024,953.81,965.24,946.05,958.32,292933
04/25/2024,935.58,955.49,920.845,947.84,413601
04/26/2024,935.14,950.35,923.13,929.26,348645
04/29/2024,940.08,942.975,920.06,934.5,291261
04/30/2024,931.76,939.43,917.745,921.35,543092
05/01/2024,922.08,931.79,918.9601,920.3,240389
05/02/2024,924.14,929.6,918.27,923.9,199076
05/03/2024,929.74,936.46,926.52,931.94,127336
05/06/2024,939.17,941.79,931.99,940.04,183990
05/07/2024,944.91,954.56,942.85,945.89,282347
05/08/2024,947.22,953.7,942.9,948.92,234080
05/09/2024,951.71,958.8,949.56,956.21,163976
05/10/2024,957.41,961.11,951.9,958.68,173195
05/13/2024,961.05,961.05,945.97,949.26,137502
05/14/2024,952.46,952.989,941.8,950.55,275191
05/15/2024,953.67,960,951.95,958.15,287236
05/16/2024,954.52,956.58,945.801,947.81,242385
05/17/2024,949.1,955.9899,937.165,945.66,178032
05/20/2024,945.22,954.74,945.22,953.4,138833
05/21/2024,956.8,957.79,947.155,956.77,171487
05/22/2024,957.87,971.68,954.74,963.91,211656
05/23/2024,968.96,968.96,952.53,954.7,214505
05/24/2024,956.95,967.6,952.35,966.4,154066
05/28/2024,963.19,964.995,936.99,939.12,291166
05/29/2024,911.84,919.865,904.155,910.57,363734
05/30/2024,912.11,913.09,903.21,907.47,283532
05/31/2024,907.09,922.35,897.96,921.46,470247
06/03/2024,922.69,922.69,878.59,888.56,405469
06/04/2024,887.33,894.445,881.825,887.12,236437
06/05/2024,890.03,895.72,884.135,890.27,196258
06/06/2024,885.98,887.11,874.9801,879.03,207351
06/07/2024,882.24,900.19,876.28,892.25,217055
06/10/2024,889.21,902.31,889.21,897.36,153964
06/11/2024,895.91,900.45,889.37,900.29,164221
06/12/2024,912.48,919.55,904.42,914.9,270809
06/13/2024,911.16,921.12,906.18,921.07,188956
06/14/2024,897.74,910.765,891.17,906.79,394235
06/17/2024,903.85,925.63,903.85,917.45,346853
06/18/2024,916.09,928.15,913.45,924.49,212451
06/20/2024,921.81,927.705,913.6312,915.29,180502
06/21/2024,914.61,916.15,902.25,915.06,378878
06/24/2024,917.72,919.68,910.08,915.5,254193
06/25/2024,911.56,912.075,898.99,910.08,186105
06/26/2024,903.33,909.255,895.1635,908.79,235412
06/27/2024,908.99,914.49,900.58,903.74,161677
06/28/2024,903.42,916.81,896.665,902.24,413857
07/01/2024,908.64,908.78,893.89,896.19,213870
07/02/2024,893.93,920.35,890.46,917.97,291999
07/03/2024,914.44,921.33,909.56,915.51,126975
07/05/2024,913.37,918.565,908.075,912.55,164732
07/08/2024,916.07,923.05,913.46,917.35,174415
07/09/2024,915.3,917.49,907.27,908.57,239548
07/10/2024,905.02,908.05,888.745,903.28,333479
07/11/2024,910.19,919.41,902.98,904.09,287064
07/12/2024,922.01,933.92,911.8,918.46,332913
07/15/2024,921.63,950.93,918.955,942.78,321648
07/16/2024,950.43,988.74,949.04,988.07,399420
07/17/2024,983.06,990.46,973.58,974.82,330805
07/18/2024,968.67,982.95,955.15,957.36,317858
07/19/2024,963.52,963.52,942.54,945.83,174281
07/22/2024,950.53,953.14,936.27,951.61,195249
07/23/2024,951.49,958.73,949.1,951.3,141602
07/24/2024,948.57,950.48,932.18,932.63,201756
07/25/2024,936.94,964.24,931.37,954.15,214371
07/26/2024,961.43,978.375,960.12,970.34,206737
07/29/2024,971.15,973,965.335,966.81,128402
07/30/2024,967.64,972.55,960.77,966.36,154638
07/31/2024,974.7,991.885,969.03,976.81,378048
08/01/2024,939.34,986.73,916.3,942.36,564258
08/02/2024,937.65,957.3,928.32,952.79,352956
08/05/2024,945.18,958.76,924.245,949.99,277554
08/06/2024,950.66,971.09,942.8,952.66,295588
08/07/2024,962.68,973.75,946.8,951.19,242246
08/08/2024,959.53,973.71,959.53,972.24,197533
08/09/2024,970,981.8,963.22,979.31,152708
08/12/2024,976.11,976.11,957.45,959.42,143305
08/13/2024,962.2,964.18,939.87,961.14,246570
08/14/2024,960.67,961.13,948.3,952.7,225928
08/15/2024,959.82,965.68,949.99,958.84,206426
08/16/2024,958.53,970.485,956.6,966.37,267102
08/19/2024,965.54,970.03,950.97,958.14,271165
08/20/2024,959.03,966.075,956.7301,962.4,133608
08/21/2024,967.65,984.31,965.59,980.25,195840
08/22/2024,981.93,985.71,973.01,977.15,152978
08/23/2024,981.07,985.79,974.7,982.23,129883
08/26/2024,986,986.945,965.25,973.59,181706
08/27/2024,969.72,973.93,960.79,967.36,159320
08/28/2024,967.41,973.31,961.2,968.34,154171
08/29/2024,972.01,980.64,964.79,968.04,138153
08/30/2024,971.44,985.465,966.09,984.92,291779
09/03/2024,982.65,983.33,954.41,960.06,210965
09/04/2024,958.48,961.485,944.87,952.29,138596
09/05/2024,947.54,947.54,927.185,938.48,236777
09/06/2024,942.08,957.08,942.08,947.93,172820
09/09/2024,955,976.99,955,972.14,226918
09/10/2024,976.9,979.16,967,977.68,164752
09/11/2024,977.26,990.04,957.451,988.64,191724
09/12/2024,988.6,998.35,979.885,996.93,126511
09/13/2024,996.9,1003.25,989.09,993.82,195967
09/16/2024,1001.95,1009.1,994.07,1008.21,203321
09/17/2024,1013.48,1023.12,1010.57,1013.98,174390
09/18/2024,1016.6,1028.61,1009.29,1013.18,142252
09/19/2024,1034.11,1034.11,1022.38,1030.1,153543
09/20/2024,1025.22,1037.23,1019.8,1032.22,279464
09/23/2024,1037.47,1046.711,1032.7501,1042.08,231738
09/24/2024,1036.89,1043.335,1026.56,1040.71,211747
09/25/2024,1046.3,1049.02,1031.36,1032.16,239283
09/26/2024,1036.84,1047.65,1035.275,1043.93,185405
09/27/2024,1040.38,1046.27,1031.4,1035.94,144247
09/30/2024,1038.86,1044.49,1030.95,1038.81,215403
10/01/2024,1038.29,1046.75,1030.07,1039.9,136983
10/02/2024,1038,1041.2,1035.02,1038.13,87903
10/03/2024,1037.41,1037.41,1020.95,1029.15,142133
10/04/2024,1037.49,1037.49,1023.08,1033.24,94021
10/07/2024,1018.59,1029.5454,1018.59,1022.84,215997
10/08/2024,1029.94,1031.1,1024.305,1028.56,128433
10/09/2024,1025.52,1036.905,1024.22,1029.6,228675
10/10/2024,1025.52,1037.39,1023.23,1025.16,171702
10/11/2024,1048.1,1088.84,1046,1085.04,428946
10/14/2024,1095.89,1103.65,1085.42,1098.37,193010
10/15/2024,1104.51,1106.01,1084.6,1085.57,261895
10/16/2024,1094.2,1115.63,1094.2,1112.93,206439
10/17/2024,1107.33,1119.96,1103.035,1119.47,132641
10/18/2024,1124.29,1128.52,1114.28,1127,235791
10/21/2024,1129.82,1129.92,1111.04,1120.36,151616
10/22/2024,1118.85,1118.85,1093.555,1098.93,238567
10/23/2024,1091.38,1097.725,1085.68,1092.53,94847
10/24/2024,1090.48,1093.035,1081.47,1082.21,142920
10/25/2024,1083.27,1098.72,1083.27,1090.94,165327
10/28/2024,1101.03,1107.495,1094.42,1104.13,181900
10/29/2024,1100.52,1107.58,1095.03,1098.35,181055
10/30/2024,1100.04,1112.88,1097.05,1099.34,281957
10/31/2024,1128.56,1130.005,1091.19,1109.23,458505
11/01/2024,1111.51,1117.33,1101.475,1105.07,238821
11/04/2024,1107.91,1107.91,1094.06,1095.68,151527
11/05/2024,1095.02,1122.78,1095.02,1122.02,166047
11/06/2024,1164.43,1199,1150,1194.96,387889
11/07/2024,1193.4,1197.19,1179.73,1188.95,259849
11/08/2024,1188,1210.265,1181.11,1202.35,279174
11/11/2024,1207.6,1227.659,1207.6,1220.93,219846
11/12/2024,1220.07,1222.34,1204.56,1208.34,187366
11/13/2024,1207.21,1218.63,1198.32,1202.01,180440
11/14/2024,1198.52,1200,1166.26,1176.01,388479
11/15/2024,1174.01,1179.29,1168.82,1178.33,215832
11/18/2024,1181.6,1185.92,1167.7,1172.13,182467
11/19/2024,1159.57,1177.43,1159.57,1172.07,133814
11/20/2024,1172,1179.47,1162.02,1178.45,135959
11/21/2024,1182.67,1199.44,1173.275,1194.41,154000
11/22/2024,1202.35,1207.47,1195.38,1206.65,161926
11/25/2024,1208.66,1227.435,1199.68,1215.76,434802
11/26/2024,1216.54,1219.69,1201.875,1217.3,174515
11/27/2024,1220,1221.32,1203.365,1205.87,160846
11/29/2024,1205.74,1215,1205.27,1205.34,116112
12/02/2024,1208.05,1208.05,1190.49,1193.99,190737
12/03/2024,1199.16,1201.68,1184.22,1193.16,195931
12/04/2024,1193.42,1196.41,1188.45,1192.6,172207
12/05/2024,1188.41,1195.31,1186.45,1188.65,181897
12/06/2024,1190.51,1192.65,1181.13,1185.16,154981
12/09/2024,1189.64,1189.64,1156.865,1162.05,297308
12/10/2024,1158.78,1162.315,1143.43,1157.51,241466
12/11/2024,1169.73,1169.73,1147.985,1155.5,215512
12/12/2024,1159.12,1159.12,1141.39,1149.01,204694
12/13/2024,1145.24,1149.585,1139.06,1142.62,174222
12/16/2024,1145.42,1150.005,1136.92,1139.88,241483
12/17/2024,1134.39,1136.32,1115.39,1120.31,291881
12/18/2024,1122.77,1124.655,1089.625,1091.33,332501
12/19/2024,1098.7,1103.87,1081.37,1081.55,313125
12/20/2024,1077.62,1099.16,1071.84,1092.96,618839
12/23/2024,1088.2,1088.2,1075.19,1082.34,251626
12/24/2024,1084.74,1092.835,1082.88,1090.98,120725
12/26/2024,1089.41,1089.67,1080.63,1082.63,114649
12/27/2024,1074.83,1082.76,1064.8,1068.98,170877
12/30/2024,1060.83,1065.88,1045.34,1058.21,173768
12/31/2024,1059.86,1062.13,1051.05,1054.05,165409
01/02/2025,1063.85,1065.4,1038.7601,1041.71,157830
01/03/2025,1043.27,1058.42,1037.6501,1053.99,156477
01/06/2025,1053.67,1064.74,1049.2671,1054.01,207846
01/07/2025,1051.41,1065.34,1045.5201,1062.75,295084
01/08/2025,1059.4,1079.12,1056.79,1068.84,224416
01/10/2025,1056.5,1068.2,1049.265,1052.48,269400
01/13/2025,1052.48,1078.34,1052.48,1075.98,264505
01/14/2025,1084.86,1095.14,1077.56,1087.88,293872
01/15/2025,1101.95,1116.99,1091.72,1093.36,420817
01/16/2025,1098.7,1116.59,1093.4,1110.35,296452
01/17/2025,1109.66,1127.6799,1093.425,1113.6,670694
01/21/2025,1123.55,1133.33,1112.45,1121.51,336408
01/22/2025,1122,1128.66,1117.01,1122.93,274399
01/23/2025,1127,1130.53,1118.77,1121.41,133793
01/24/2025,1119.13,1126.835,1115.83,1121.57,104324
01/27/2025,1113.85,1138.625,1113.85,1132.42,212198
01/28/2025,1126.94,1137.65,1119.35,1131.28,164413
01/29/2025,1127.22,1139.15,1110.465,1114.01,250987
01/30/2025,1121.64,1130.615,1118.43,1126.07,290065
01/31/2025,1062.2,1083.95,1030.01,1062.67,830022
02/03/2025,1043.77,1055,1030.66,1046.74,428152
02/04/2025,1056.76,1056.76,1040.4,1042.59,292968
02/05/2025,1042.7,1048.155,1021.76,1042.92,338876
02/06/2025,1045.05,1051.04,1036.67,1045.32,220056
02/07/2025,1045.79,1048.46,1031.51,1035.8,190080
02/10/2025,1043.4,1043.4,1030.03,1038.47,157678
02/11/2025,1037.61,1047.775,1033.18,1046.36,122644
02/12/2025,1029.59,1033.79,1025.68,1027.55,338565
02/13/2025,1030.75,1036.565,1024.4215,1027.83,185803
02/14/2025,1028.26,1036.38,1021.5403,1027.73,253325
02/18/2025,1026.73,1029.8,1011.71,1022.64,370887
02/19/2025,1015.3,1022.09,1008.51,1021.04,313069
02/20/2025,1024.31,1027.23,1012.89,1024.3,233563
02/21/2025,1023.47,1023.47,998.405,1007.9,282305
02/24/2025,1005.18,1009.37,998.02,998.02,288819
02/25/2025,996.23,1009.49,990.8433,1003.56,243559
02/26/2025,1007.2,1012.95,1004.395,1008.08,154926
02/27/2025,1009.78,1021.57,1007.95,1010.92,170987
02/28/2025,1020,1029.86,1006.66,1021.21,245374
03/03/2025,1021,1024.485,996.4,999.5,273438
03/04/2025,992.31,1002.54,982.61,988.78,306881
03/05/2025,989.29,998.07,977.85,985.06,321069
03/06/2025,979.81,998.17,978.3,995.82,265710
03/07/2025,991.41,1013.33,990.745,1007.71,314458
03/10/2025,1009.24,1031.2,1007.925,1015.84,351907
03/11/2025,1005.01,1009.095,979.78,981.54,446315
03/12/2025,984.8,993,966.71,968.29,356225
03/13/2025,965,966.26,952.64,953.54,323395
03/14/2025,964.51,968.91,953.54,967.82,258667
03/17/2025,965.03,980.52,965.03,977.41,208430
03/18/2025,973.34,978.97,966.21,974.77,202422
03/19/2025,973.55,985.66,968.78,983.59,240208
03/20/2025,974.95,984.36,971.02,973.66,189887
03/21/2025,966.84,973.895,962,973.09,371856
03/24/2025,981.5,993.03,981.5,991.59,219841
03/25/2025,993.1,999.925,981.64,990.2,200165
03/26/2025,992.66,999.54,986.94,988.19,151584
03/27/2025,991.7,991.7,979.99,987.24,140826
03/28/2025,986.97,986.97,968.12,975.03,214789
03/31/2025,970.1,993.32,968.28,987.83,252146
04/01/2025,981.26,996.28,976.73,994.06,226580
04/02/2025,984.86,1006.7,982.64,1004.92,255233
04/03/2025,955.89,977.6,955.01,973.41,388405
04/04/2025,959.7,975.1,939.455,942.43,451542
04/07/2025,924.57,953.515,893.99,923.85,443536
04/08/2025,945,956.8,909.09,919.93,295335
04/09/2025,910.75,980.01,902.44,965.37,503115
04/10/2025,964.89,967.7301,930.05,960.69,311998
04/11/2025,959.03,999.09,956.865,994,395299
04/14/2025,994,1005.52,980.125,1000.2,237177
04/15/2025,998.74,1004.03,992.79,999.73,161585
04/16/2025,991.39,1009.075,978.66,985.33,306445
04/17/2025,989.89,1013.49,987.48,1002.69,412242
04/21/2025,998.03,998.03,968.105,978.78,284876
04/22/2025,985,999.62,985,998.85,221885
04/23/2025,1010.5,1017.96,989.36,992.32,184098
04/24/2025,996.46,1021.335,982.86,1019.15,246381
04/25/2025,1022.33,1022.33,1005.55,1013.87,149613
04/28/2025,1018.41,1028.07,1004.715,1011.41,187875
04/29/2025,1004.89,1015.44,1004.89,1012.71,307307
04/30/2025,1013.38,1026.405,998.325,1024.31,459167
05/01/2025,1045.72,1082.95,1025.97,1053.43,464481
05/02/2025,1057.33,1074.6599,1057.33,1068,310700
05/05/2025,1061.3,1076.21,1061.3,1065.48,265325
05/06/2025,1053,1060.7899,1040.65,1041.87,213443
05/07/2025,1044.67,1051.72,1039.6,1043.74,170941
05/08/2025,1050.89,1059.51,1044.02,1045.89,221767
05/09/2025,1048.49,1048.49,1030.08,1037.06,287239
05/12/2025,1060.44,1073.405,1046.42,1067.45,303436
05/13/2025,1069.98,1075.15,1063.45,1066.37,280059
05/14/2025,1067.49,1078.65,1061.96,1069.81,203192
05/15/2025,1069.99,1088.25,1069.99,1084.51,279819
05/16/2025,1086.98,1102.84,1086.035,1101.66,389006
05/19/2025,1092.81,1103.69,1092.81,1100.41,185318
05/20/2025,1095.44,1102.005,1088.24,1091.53,149311
05/21/2025,1080.05,1090.99,1078.2502,1081.38,150029
05/22/2025,1081.78,1084.97,1071.93,1078.14,157755
05/23/2025,1069.4,1077.75,1067.11,1071.88,127614
05/27/2025,1082.8,1091.24,1075.21,1089.81,168579
05/28/2025,1092.95,1094.825,1079.75,1081.06,159040
05/29/2025,1081.93,1087.14,1075.815,1085.74,150348
05/30/2025,1086.87,1092.41,1081.36,1087.56,360822
06/02/2025,1079.6,1089.73,1062.08,1074.44,159443
06/03/2025,1074.98,1089.2,1072.9501,1088.04,176534
06/04/2025,1088.03,1090.845,1075.96,1075.96,189862
06/05/2025,1077.65,1086.26,1072.4,1085.52,144888
06/06/2025,1097.85,1097.85,1089.13,1094.37,167722
06/09/2025,1100,1100,1077.33,1078.36,170071
06/10/2025,1083.01,1088.115,1072,1085.34,172334
06/11/2025,1083.27,1083.27,1073.66,1078.63,166288
06/12/2025,1073.21,1082.885,1070.11,1081.55,149666
06/13/2025,1074,1079.53,1061.96,1064.23,157632
06/16/2025,1073.54,1077.6375,1063.57,1071.8,152806
06/17/2025,1069.2,1076.64,1042.99,1045.46,287328
06/18/2025,1048.21,1051.2,1042.41,1042.67,225503
06/20/2025,1049.95,1052.13,1030.59,1037.22,392286
06/23/2025,1036.7,1039.57,1025.33,1038.33,296394
06/24/2025,1042.18,1048,1034.865,1041.38,242834
06/25/2025,1042.82,1042.82,1022.94,1023.87,221886
06/26/2025,1026.88,1026.88,1008.59,1015.48,318709
06/27/2025,1020.61,1031.42,1017.95,1028.75,375380
06/30/2025,1027.61,1041.33,1025.57,1040.24,338012
07/01/2025,1038.86,1059.4,1034.775,1052.12,268805
07/02/2025,1047.23,1048.33,1032.0048,1035.28,210839
07/03/2025,1036.68,1052.2899,1036.68,1050.49,158261
07/07/2025,1048.56,1051.79,1032.42,1033.95,245519
07/08/2025,1030.09,1044.57,1030.0103,1036.62,278263
07/09/2025,1040.34,1045.29,1032.955,1045.29,295219
07/10/2025,1049.9,1062.5,1046.56,1047.87,405536
07/11/2025,1048.96,1061.37,1044.42,1059.49,324809
07/14/2025,1062.7,1076.78,1037.2375,1057.57,436140
07/15/2025,1058.65,1067.0825,1039.19,1039.38,310712
07/16/2025,1045.73,1045.73,1024.585,1039.65,500753
07/17/2025,1044.14,1048.97,1011.09,1022.17,675958
07/18/2025,1024.62,1032.38,1018.68,1028.35,748541
07/21/2025,1028.8,1034.16,1021.84,1022.23,254422
07/22/2025,1022.02,1039.475,1022.02,1035.12,233118
07/23/2025,1042.38,1046.68,1039.195,1044.76,203807
07/24/2025,1042.56,1055.11,1042.56,1052.21,235522
07/25/2025,1055.47,1055.47,1044.76,1054.02,241362
07/28/2025,1051.93,1054.46,1042.844,1048.37,140812
07/29/2025,1052.1,1055.07,1046.19,1055.07,275876
07/30/2025,1056.54,1062.33,1035.17,1042.67,256411
07/31/2025,1036.47,1050.13,1036.47,1039.54,427486
08/01/2025,936.18,960.555,915.865,932.44,1263042
08/04/2025,929.63,940.86,927.02,938.27,410820
08/05/2025,935.45,948.1,929.47,935.63,308672
08/06/2025,939.47,961.2,937.4,960.27,393018
08/07/2025,965.37,968.505,941.59,942.51,440835
08/08/2025,950.31,951.415,938.5001,950.13,208663
08/11/2025,946.85,951.82,934.31,939.76,254462
08/12/2025,943.96,961.31,939.71,960.7,200898
08/13/2025,960.91,982.545,958.58,982.07,306767
08/14/2025,978.52,982.62,970.49,974.56,210419
08/15/2025,979.02,979.215,968.5,969.93,237292
08/18/2025,961.79,981.42,961.79,978.13,351462
08/19/2025,982,999.9999,981.49,995.4,352088
08/20/2025,995.39,1003.705,992.32,999.63,353407
08/21/2025,997.14,1003.745,989.94,994.07,341285
08/22/2025,1000.14,1025.295,997.605,1021.86,333392
08/25/2025,1021.86,1023.48,1008.9701,1013.45,273080
08/26/2025,1013.57,1016.09,1010.38,1011.96,393211
08/27/2025,1015.25,1017.13,1007.105,1017.05,229960
08/28/2025,1017.26,1017.26,1009.525,1014.47,241084
08/29/2025,1015,1023.6199,1005.78,1013.5,337942
09/02/2025,1005.49,1021.5,998.77,1016.86,376384
09/03/2025,1014.84,1018.74,1012.54,1018.74,250331
09/04/2025,1018.12,1028.65,1009.68,1028.03,256924
09/05/2025,1026.67,1029.68,984.025,993.47,416032
09/08/2025,993.47,998.78,972.14,997.8,300448
09/09/2025,996.76,997.8,981.68,994.85,193687
09/10/2025,988.76,997.65,978.06,994.06,343001
09/11/2025,1000,1015.66,983.56,1014.69,362349
09/12/2025,1013.39,1015.465,1004,1004.06,276541
09/15/2025,1005.5,1015.38,997.88,1012.62,326539
09/16/2025,1011.87,1017.81,970.695,993.64,402991
09/17/2025,999.06,1009.47,988.87,997.93,278018
09/18/2025,997.14,1011.635,991.76,1005.23,269155
09/19/2025,1009.69,1009.69,980.37,987.61,488410
09/22/2025,977.84,987.59,974.4,979.17,342394
09/23/2025,984.46,990,971.715,975.78,273801
09/24/2025,967.06,974.4701,952.93,952.93,289901
09/25/2025,952.93,959.315,949,951.71,259261
09/26/2025,956.27,964.01,955.6,959.73,162064
09/29/2025,960.79,961.465,944.0065,947.98,272516
09/30/2025,945.22,955.11,937.82,952.96,318219
10/01/2025,946.83,955.33,942.55,944,247379
10/02/2025,940.74,954.525,940.74,953.75,268719
10/03/2025,953.38,969.675,950.89,956.59,240294
10/06/2025,960.57,967.75,950.855,958.9,320252
10/07/2025,960,964.11,953.82,958.82,217195
10/08/2025,951.31,967.6263,948.01,967.19,194923
10/09/2025,972.38,973.265,957.8,968.53,230786
10/10/2025,976.69,980.305,945.145,947.56,253565
10/13/2025,939.87,947.73,919.16,935.49,327115
10/14/2025,933.15,964.0225,925.4101,959.74,278578
10/15/2025,959.9,961.82,949.4,957.99,216490
10/16/2025,958.18,961.45,949.6907,954.56,259316
10/17/2025,950,961.495,946.095,954.99,238767
10/20/2025,960.38,971.175,958.3701,970.92,151022
10/21/2025,974.92,980.655,970.03,971.54,189834
10/22/2025,973.9,978.48,965.94,968,199363
10/23/2025,973.66,985.56,954.84,964.07,311977
10/24/2025,968.26,978.21,964.54,968.41,303245
10/27/2025,971.24,979.58,966.265,978.31,214033
10/28/2025,974.93,981.41,962.41,963.48,314740
10/29/2025,960.75,966.84,953.77,958.97,284712
10/30/2025,955.93,976.9,953.22,956.24,510183
10/31/2025,969.02,993.06,921.16,979,886699
11/03/2025,966.72,974.415,959.58,966.32,420941
11/04/2025,965.95,970.052,954.3,955.87,378401
11/05/2025,955.41,969.9099,955.41,962.39,259269
11/06/2025,957.44,965.31,951.52,952.66,269050
11/07/2025,950.98,957.56,945.5401,955.04,188167
11/10/2025,951.76,959.05,938.32,949.96,229547
11/11/2025,951.53,958.91,945.5,945.61,144305
11/12/2025,944.85,949.85,936.32,944.97,202129
11/13/2025,943,953.48,933.445,934.94,232667
11/14/2025,934.35,939.87,921.54,926.21,239868
11/17/2025,922.13,931.79,916.75,923.47,302680
11/18/2025,921.95,928,912.74,918.18,271612
11/19/2025,917.95,924.65,906.52,922.56,259893
11/20/2025,930.66,937,920.38,925.15,350569
11/21/2025,930.88,957.69,916.1096,952.15,413960
11/24/2025,944.23,956,929.7,929.96,495245
11/25/2025,937.75,945.67,932.215,941.75,232294
11/26/2025,938.11,949.605,933.53,945.1,221212
11/28/2025,944.02,949.99,942.62,948.63,106709
12/01/2025,941.59,955.54,941.3202,944.87,280458
12/02/2025,945.81,961.98,941.51,961.15,288060
12/03/2025,961.89,975.92,959.85,971.16,228002
12/04/2025,974.96,979.21,967.91,968.91,280157
12/05/2025,965.53,977.14,961.8129,975.54,208263
12/08/2025,969.02,977.24,957.79,959.07,284858
12/09/2025,959.85,971.265,958.14,958.68,178103
12/10/2025,964.96,997.105,959.14,995.57,312578
12/11/2025,1000,1035.86,997.815,1032.39,478901
12/12/2025,1041.31,1042,1019.4,1022.54,386241
12/15/2025,1025.21,1038.61,1023.635,1029.56,397606
12/16/2025,1030.55,1031,1017.77,1022.08,274267
12/17/2025,1018.27,1024.27,1008.57,1020.05,258363
12/18/2025,1022.95,1029.9299,1012.8629,1019.52,369150
12/19/2025,1022.11,1029.9999,1010.115,1025.02,891768
12/22/2025,1025,1035.31,1021.455,1034.87,228666
12/23/2025,1034.8,1035.215,1021.33,1023.9,265432
12/24/2025,1021.79,1032.79,1019.18,1030.73,83661
12/26/2025,1032.025,1039.75,1016.74,1024.28,128406
12/29/2025,1025.53,1029.48,1017.915,1026.31,223736
12/30/2025,1022.36,1026.92,1013.58,1021.09,254335
12/31/2025,1021,1021.635,1008.82,1009.05,178675
01/02/2026,1007.28,1013.91,997.25,1003.81,222960
01/05/2026,996.28,1031.74,996.28,1015.06,294917
01/06/2026,1010.34,1036.2198,1008.01,1028.98,229361
01/07/2026,1022.27,1026.32,1002.2,1004.68,261816
01/08/2026,1000.52,1038.57,1000.52,1033.33,250409
01/09/2026,1037.38,1044.285,1026.36,1029.82,194793
01/12/2026,1024.44,1035.245,1024.1217,1032.31,173450
01/13/2026,1033.58,1042.05,1023.51,1041.9,176211
01/14/2026,1041,1053.25,1033.72,1053.25,190212
01/15/2026,1060.95,1065.28,1055.77,1063.3,183602
01/16/2026,1058.23,1074.3,1055.25,1068.72,283631
01/20/2026,1050.87,1058.465,1033.85,1034.25,270787
01/21/2026,1041.46,1068.17,1035.08,1058.58,168376
01/22/2026,1062.93,1068.5,1057.05,1066.63,172412
01/23/2026,1065.81,1071.9062,1049.34,1057.86,231936
01/26/2026,1061.38,1064.96,1048.0801,1049.97,206415
01/27/2026,1060.99,1065.86,1045.33,1057.56,159045
01/28/2026,1057.53,1073.145,1053.555,1070.01,315193
01/29/2026,1075,1086.78,1064.47,1082.21,448737
01/30/2026,1080,1082.78,1066.145,1079.94,379575
02/02/2026,1086.76,1098.83,1078.65,1096.18,420883
02/03/2026,1087,1169.57,1087,1155,897030
02/04/2026,1156.79,1204.36,1149.73,1194.93,613248
02/05/2026,1195,1199.12,1179.66,1183.15,449173
02/06/2026,1194.86,1199.13,1177,1197.65,233082
02/09/2026,1187.32,1197.65,1174.84,1190.15,249998
02/10/2026,1190.15,1191.31,1170.49,1188.03,217193
02/11/2026,1194.3,1208.28,1184.77,1202.47,226165
02/12/2026,1204,1218.63,1114.415,1116.6,789706
02/13/2026,1117.5,1142.5308,1111.07,1131.42,319548
02/17/2026,1128.9,1140.33,1120.05,1132.22,248319
02/18/2026,1131.75,1143.575,1128.16,1134.04,158469
02/19/2026,1134.36,1143.5925,1117.88,1127.73,195733
02/20/2026,1127.73,1143.24,1099.21,1127.07,482194
02/23/2026,1122.69,1130.27,1112.135,1116.75,232619.08
02/24/2026,1117.93,1130.9683,1112.64,1126.68,129135.805
02/25/2026,1128.09,1128.47,1108.96,1117.18,183762.69
02/26/2026,1125.4,1128.37,1103.06,1105.52,366149.88
02/27/2026,1100.7,1145.53,1099.75,1144.73,485223.97
03/02/2026,1144.58,1157.68,1133.6,1152.25,220476.11
03/03/2026,1139.23,1155.35,1129.46,1151.41,220428.2
03/04/2026,1153.66,1155.33,1137.288,1148.46,225064.3
03/05/2026,1157.15,1174.21,1139.55,1145.71,342942.9
03/06/2026,1129.68,1140.325,1106.07,1112.79,277863.8
03/09/2026,1097.25,1120.33,1083.325,1115.28,231227.45
03/10/2026,1112.14,1123.48,1101.58,1106.4,189862.14
03/11/2026,1101.57,1110.89,1092.05,1110.49,181470.2
03/12/2026,1101.62,1106.47,1080.48,1082.18,185234.38
03/13/2026,1091.22,1093.945,1064.24,1073.94,212867.8
03/16/2026,1080.27,1082.185,1056.79,1060.46,223444
03/17/2026,1067.99,1072.82,1052.42,1065.53,156103.55
03/18/2026,1062.06,1067.535,1044.24,1045.82,211802.11
03/19/2026,1041.93,1053.67,1037.73,1043.05,321144.4
03/20/2026,1039.86,1059.5,1035.3,1041.95,494214.2
03/23/2026,1061.82,1079.1,1053.53,1054.47,290744.88
03/24/2026,1044.6,1074.35,1033.19,1065.4,201963.19
03/25/2026,1076.25,1083.215,1060.49,1075.87,181644.72
03/26/2026,1070.73,1084.09,1060.97,1065.48,158326.17
03/27/2026,1063.9,1065.03,1050.13,1057.07,231126.4
