12/01/2022,10.68,10.87,10.64,10.68,84744
12/02/2022,10.63,10.69,10.61,10.69,73852
12/05/2022,10.59,10.7,10.43,10.51,76925
12/06/2022,10.52,10.62,10.52,10.53,38404
12/07/2022,10.49,10.59,10.47,10.49,99082
12/08/2022,10.46,10.5388,10.3716,10.42,74906
12/09/2022,10.36,10.43,10.36,10.39,51037
12/12/2022,10.4,10.46,10.39,10.39,98512
12/13/2022,10.47,10.58,10.42,10.46,82137
12/14/2022,10.42,10.45,10.34,10.36,82978
12/15/2022,10.3,10.38,10.27,10.28,61100
12/16/2022,10.25,10.25,10.11,10.18,109591
12/19/2022,10.13,10.19,10.12,10.14,128952
12/20/2022,10.11,10.1635,10.07,10.14,131611
12/21/2022,10.1,10.16,10.08,10.08,81787
12/22/2022,10.04,10.12,10.04,10.07,69897
12/23/2022,10.03,10.09,10.02,10.05,70648
12/27/2022,10,10.11,9.97,9.97,148970
12/28/2022,9.97,10.05,9.97,10.02,97940
12/29/2022,10.05,10.16,10,10.12,140535
12/30/2022,10.04,10.22,10,10.22,212242
01/03/2023,10.25,10.27,10.19,10.22,77373
01/04/2023,10.28,10.3,10.22,10.25,70245
01/05/2023,10.24,10.28,10.2,10.24,85323
01/06/2023,10.3,10.43,10.29,10.32,39008
01/09/2023,10.38,10.47,10.38,10.41,40555
01/10/2023,10.42,10.44,10.38,10.44,40824
01/11/2023,10.47,10.5099,10.47,10.48,11555
01/12/2023,10.51,10.6,10.47,10.5602,29249
01/13/2023,10.55,10.58,10.5,10.53,28664
01/17/2023,10.52,10.58,10.49,10.53,50579
01/18/2023,10.6,10.73,10.6,10.715,53176
01/19/2023,10.7,10.805,10.7,10.77,38004
01/20/2023,10.81,10.985,10.7,10.97,59810
01/23/2023,10.96,11.01,10.85,10.96,37340
01/24/2023,10.9,11,10.9,10.93,88416
01/25/2023,10.95,10.95,10.75,10.85,52668
01/26/2023,10.89,10.94,10.85,10.89,22348
01/27/2023,10.92,10.92,10.84,10.89,17918
01/30/2023,10.98,10.98,10.79,10.8,123014
01/31/2023,10.85,10.905,10.81,10.84,30759
02/01/2023,10.86,10.9,10.81,10.89,35105
02/02/2023,10.92,11,10.9,10.95,20133
02/03/2023,10.94,10.94,10.83,10.84,25570
02/06/2023,10.84,10.89,10.71,10.74,41367
02/07/2023,10.81,10.9,10.66,10.83,35766
02/08/2023,10.9,10.96,10.86,10.9,35034
02/09/2023,11,11,10.86,10.88,33744
02/10/2023,10.97,10.9794,10.84,10.96,27011
02/13/2023,10.99,11,10.92,10.96,21890
02/14/2023,10.99,10.99,10.8,10.83,22094
02/15/2023,10.89,10.89,10.66,10.7,36592
02/16/2023,10.68,10.68,10.52,10.56,15830
02/17/2023,10.47,10.49,10.43,10.43,15085
02/21/2023,10.41,10.42,10.25,10.29,33812
02/22/2023,10.35,10.35,10.24,10.24,35652
02/23/2023,10.26,10.32,10.25,10.26,11053
02/24/2023,10.22,10.2231,10.13,10.13,33706
02/27/2023,10.26,10.26,10.1601,10.2,24544
02/28/2023,10.22,10.2261,10.15,10.19,15789
03/01/2023,10.21,10.23,10.1301,10.15,19726
03/02/2023,10.13,10.16,10.0701,10.13,25822
03/03/2023,10.18,10.2,10.12,10.15,45316
03/06/2023,10.17,10.22,10.11,10.15,105735
03/07/2023,10.19,10.2,10.12,10.14,9992
03/08/2023,10.13,10.1563,10.11,10.14,32015
03/09/2023,10.16,10.2144,10.16,10.18,18455
03/10/2023,10.2,10.28,10.16,10.18,32181
03/13/2023,10.24,10.27,10.07,10.17,34642
03/14/2023,10.22,10.22,10.1446,10.185,19379
03/15/2023,10.24,10.25,10.18,10.21,30690
03/16/2023,10.2,10.28,10.2,10.25,7652
03/17/2023,10.26,10.27,10.18,10.21,23970
03/20/2023,10.2,10.22,10.16,10.18,30629
03/21/2023,10.26,10.26,10.1001,10.12,31673
03/22/2023,10.16,10.19,10.12,10.16,49876
03/23/2023,10.1,10.14,10.0861,10.09,26640
03/24/2023,10.15,10.18,10.1164,10.16,13977
03/27/2023,10.11,10.26,10.11,10.16,28168
03/28/2023,10.19,10.205,10.1128,10.18,60074
03/29/2023,10.16,10.23,10.16,10.21,19057
03/30/2023,10.24,10.34,10.24,10.3,32154
03/31/2023,10.34,10.43,10.34,10.37,39009
04/03/2023,10.37,10.4499,10.29,10.31,23743
04/04/2023,10.32,10.38,10.28,10.3,33415
04/05/2023,10.3,10.39,10.28,10.34,177262
04/06/2023,10.36,10.4,10.32,10.35,152841
04/10/2023,10.38,10.38,10.2864,10.33,59992
04/11/2023,10.37,10.39,10.34,10.38,19281
04/12/2023,10.4,10.42,10.37,10.41,36618
04/13/2023,10.37,10.4147,10.37,10.39,25854
04/14/2023,10.41,10.41,10.34,10.36,34328
04/17/2023,10.36,10.375,10.31,10.33,63559
04/18/2023,10.3,10.3293,10.2,10.2,71308
04/19/2023,10.16,10.175,10.09,10.13,50745
04/20/2023,10.19,10.22,10.12,10.15,37465
04/21/2023,10.15,10.195,10.04,10.1,74356
04/24/2023,10.15,10.165,10.13,10.13,32503
04/25/2023,10.13,10.14,10.11,10.14,39990
04/26/2023,10.12,10.23,10.12,10.2,42560
04/27/2023,10.2,10.24,10.19,10.22,21217
04/28/2023,10.22,10.33,10.22,10.26,38696
05/01/2023,10.17,10.25,10.12,10.12,43332
05/02/2023,10.12,10.175,10.1,10.15,34563
05/03/2023,10.12,10.16,10.1,10.1,42923
05/04/2023,10.08,10.16,10.07,10.1,40445
05/05/2023,10.14,10.235,10.1,10.2,54125
05/08/2023,10.18,10.28,10.11,10.14,54727
05/09/2023,10.16,10.16,10.1,10.11,45591
05/10/2023,10.15,10.16,10.08,10.1,87473
05/11/2023,10.12,10.14,10.06,10.1,72003
05/12/2023,10.08,10.1,10.04,10.08,21727
05/15/2023,10.08,10.11,10.0404,10.08,66365
05/16/2023,10.08,10.12,10.03,10.07,51967
05/17/2023,10.15,10.15,10.03,10.05,19776
05/18/2023,10.07,10.07,9.98,10,52649
05/19/2023,9.98,10.0025,9.9321,9.94,29324
05/22/2023,9.95,9.98,9.85,9.89,37210
05/23/2023,9.86,9.94,9.85,9.87,29313
05/24/2023,9.88,9.9,9.78,9.79,45453
05/25/2023,9.8,9.8493,9.79,9.84,23114
05/26/2023,9.83,9.9,9.83,9.84,15441
05/30/2023,9.88,9.93,9.88,9.93,10328
05/31/2023,9.94,10,9.89,9.91,42669
06/01/2023,9.94,10.02,9.94,9.97,33919
06/02/2023,10.04,10.04,9.93,9.94,17198
06/05/2023,9.98,9.99,9.93,9.99,47499
06/06/2023,10,10.06,9.975,10.02,28725
06/07/2023,10.07,10.17,10.02,10.11,45667
06/08/2023,10.13,10.28,10.13,10.16,45603
06/09/2023,10.13,10.24,10.13,10.13,26680
06/12/2023,10.23,10.24,10.08,10.16,18507
06/13/2023,10.14,10.14,10.04,10.06,27595
06/14/2023,9.99,10.04,9.99,9.99,27803
06/15/2023,10,10.07,10,10.01,28140
06/16/2023,10.01,10.02,9.98,9.99,32846
06/20/2023,9.99,10.04,9.98,9.9947,65708
06/21/2023,9.97,10.02,9.97,9.99,46776
06/22/2023,9.95,10.015,9.941,9.97,43765
06/23/2023,10.04,10.08,10.02,10.04,28426
06/26/2023,10.04,10.07,10.04,10.04,35991
06/27/2023,10.08,10.14,10.07,10.08,43858
06/28/2023,10.09,10.18,10.09,10.15,32219
06/29/2023,10.09,10.12,10.01,10.05,62041
06/30/2023,10.05,10.14,10.05,10.06,61486
07/03/2023,10.08,10.145,10.06,10.12,28277
07/05/2023,10.12,10.14,10.06,10.08,41730
07/06/2023,10.03,10.09,9.97,10,32746
07/07/2023,9.95,10.04,9.95,10,41293
07/10/2023,10.01,10.04,9.98,10.0384,37422
07/11/2023,10.03,10.07,10,10.04,39468
07/12/2023,10.11,10.13,10.059,10.11,21790
07/13/2023,10.09,10.12,10.09,10.1,37895
07/14/2023,10.09,10.12,10.09,10.11,42241
07/17/2023,10.13,10.13,10.07,10.12,23327
07/18/2023,10.14,10.21,10.0923,10.19,24554
07/19/2023,10.19,10.25,10.13,10.18,60564
07/20/2023,10.15,10.15,10.1,10.12,69148
07/21/2023,10.14,10.17,10.11,10.1507,57102
07/24/2023,10.14,10.18,10.13,10.15,70187
07/25/2023,10.15,10.16,10.08,10.13,70305
07/26/2023,10.12,10.16,10.11,10.14,54165
07/27/2023,10.12,10.13,10.05,10.05,80776
07/28/2023,10.12,10.16,10.09,10.09,78830
07/31/2023,10.21,10.21,10.13,10.17,61783
08/01/2023,10.14,10.1823,10.09,10.12,45833
08/02/2023,10.1,10.1,10,10.05,49804
08/03/2023,10.04,10.04,9.91,9.93,82791
08/04/2023,9.94,10,9.925,9.96,69463
08/07/2023,9.98,9.98,9.9,9.91,46443
08/08/2023,9.92,9.9579,9.88,9.88,36860
08/09/2023,9.89,9.94,9.88,9.88,42166
08/10/2023,9.92,10,9.85,9.85,62900
08/11/2023,9.81,9.96,9.81,9.88,54395
08/14/2023,9.9,9.9,9.81,9.85,66672
08/15/2023,9.81,9.87,9.8,9.81,53736
08/16/2023,9.79,9.815,9.76,9.77,68591
08/17/2023,9.77,9.79,9.75,9.78,50370
08/18/2023,9.87,9.87,9.77,9.8,61181
08/21/2023,9.81,9.81,9.68,9.7,20679
08/22/2023,9.8,9.82,9.67,9.69,64320
08/23/2023,9.8,9.8,9.7,9.71,62971
08/24/2023,9.74,9.74,9.63,9.67,42922
08/25/2023,9.7,9.74,9.64,9.69,53491
08/28/2023,9.75,9.75,9.64,9.67,47169
08/29/2023,9.67,9.77,9.64,9.77,63982
08/30/2023,9.76,9.86,9.741,9.81,44545
08/31/2023,9.85,9.85,9.74,9.76,38334
09/01/2023,9.86,9.86,9.77,9.8,32809
09/05/2023,9.83,9.84,9.7212,9.77,47950
09/06/2023,9.81,9.82,9.71,9.74,34089
09/07/2023,9.79,9.8,9.63,9.67,52373
09/08/2023,9.66,9.7,9.59,9.63,60094
09/11/2023,9.65,9.65,9.58,9.59,42800
09/12/2023,9.6,9.63,9.5604,9.6,163420
09/13/2023,9.6,9.625,9.57,9.61,28053
09/14/2023,9.6,9.6,9.49,9.53,45971
09/15/2023,9.57,9.57,9.48,9.51,21221
09/18/2023,9.52,9.52,9.46,9.5,32549
09/19/2023,9.49,9.52,9.47,9.52,33209
09/20/2023,9.54,9.59,9.501,9.55,44392
09/21/2023,9.53,9.53,9.47,9.47,21989
09/22/2023,9.49,9.57,9.4882,9.55,48830
09/25/2023,9.5,9.5,9.21,9.28,92137
09/26/2023,9.33,9.33,9.1417,9.19,51998
09/27/2023,9.25,9.25,9.05,9.09,64688
09/28/2023,9.1,9.1,8.971,9.07,48939
09/29/2023,9.11,9.19,8.99,8.99,72112
10/02/2023,9,9.2,9,9.06,103041
10/03/2023,9.07,9.09,8.991,9.07,75695
10/04/2023,9.08,9.115,9.04,9.06,60586
10/05/2023,9.09,9.09,8.9688,9.03,36056
10/06/2023,9,9.03,8.91,8.99,41464
10/09/2023,9.03,9.0697,8.97,8.99,37221
10/10/2023,9,9.05,8.97,8.97,47186
10/11/2023,9.05,9.15,9.04,9.1,41471
10/12/2023,9.14,9.15,9.03,9.05,38483
10/13/2023,9.09,9.1,8.98,9.01,72289
10/16/2023,9.02,9.02,8.9,8.94,49211
10/17/2023,8.87,8.89,8.825,8.85,70227
10/18/2023,8.82,8.85,8.8,8.83,37063
10/19/2023,8.81,8.8799,8.74,8.78,44552
10/20/2023,8.78,8.78,8.72,8.74,103544
10/23/2023,8.7,8.74,8.66,8.67,56056
10/24/2023,8.71,8.76,8.65,8.71,63480
10/25/2023,8.63,8.65,8.59,8.6,47169
10/26/2023,8.6,8.66,8.6,8.65,55154
10/27/2023,8.59,8.69,8.59,8.67,44187
10/30/2023,8.67,8.72,8.61,8.68,62960
10/31/2023,8.69,8.74,8.67,8.71,66626
11/01/2023,8.72,8.88,8.7,8.85,106048
11/02/2023,8.91,8.99,8.91,8.95,81255
11/03/2023,9.03,9.13,9.0168,9.12,67869
11/06/2023,9.07,9.11,9,9.06,67577
11/07/2023,9.15,9.26,9.11,9.26,55173
11/08/2023,9.3,9.36,9.23,9.36,86060
11/09/2023,9.36,9.36,9.19,9.22,70009
11/10/2023,9.32,9.32,9.23,9.3,48561
11/13/2023,9.24,9.27,9.2,9.26,22518
11/14/2023,9.36,9.45,9.36,9.45,41636
11/15/2023,9.49,9.53,9.37,9.52,100214
11/16/2023,9.75,9.75,9.6049,9.68,101817
11/17/2023,9.9,9.9,9.68,9.72,68585
11/20/2023,9.71,9.75,9.68,9.75,86780
11/21/2023,9.72,9.79,9.7,9.73,34211
11/22/2023,9.74,9.7674,9.69,9.73,75031
11/24/2023,9.72,9.77,9.71,9.75,37758
11/27/2023,9.77,9.79,9.72,9.75,60963
11/28/2023,9.75,9.8,9.73,9.8,62014
11/29/2023,9.83,9.93,9.83,9.93,70276
11/30/2023,9.95,9.96,9.86,9.95,83123
12/01/2023,10.02,10.12,9.98,10.08,61929
12/04/2023,10.06,10.23,10.06,10.12,107987
12/05/2023,10.2,10.2,10.13,10.16,100457
12/06/2023,10.18,10.22,10.11,10.13,50975
12/07/2023,10.17,10.26,10.155,10.19,78264
12/08/2023,10.2,10.23,10.17,10.18,49908
12/11/2023,10.19,10.24,10.16,10.17,23189
12/12/2023,10.17,10.18,10.14,10.18,42050
12/13/2023,10.18,10.22,10.1,10.19,64240
12/14/2023,10.22,10.27,10.19,10.27,52661
12/15/2023,10.29,10.3,10.17,10.23,138417
12/18/2023,10.32,10.32,10.24,10.25,87023
12/19/2023,10.3,10.44,10.26,10.43,125855
12/20/2023,10.41,10.45,10.35,10.44,92246
12/21/2023,10.42,10.6,10.3987,10.6,137772
12/22/2023,10.585,10.67,10.57,10.59,140515
12/26/2023,10.62,10.63,10.52,10.56,121607
12/27/2023,10.56,10.67,10.49,10.51,80192
12/28/2023,10.46,10.515,10.29,10.34,164931
12/29/2023,10.36,10.41,10.34,10.35,128552
01/02/2024,10.35,10.42,10.35,10.42,53682
01/03/2024,10.46,10.51,10.42,10.46,119990
01/04/2024,10.39,10.45,10.36,10.43,72671
01/05/2024,10.43,10.46,10.3701,10.4,45122
01/08/2024,10.45,10.53,10.415,10.5,91578
01/09/2024,10.46,10.515,10.43,10.44,82002
01/10/2024,10.47,10.51,10.31,10.35,71617
01/11/2024,10.35,10.36,10.265,10.3,47611
01/12/2024,10.27,10.34,10.27,10.29,37223
01/16/2024,10.3,10.315,10.16,10.19,38825
01/17/2024,10.2,10.2,10.06,10.1,121488
01/18/2024,10.15,10.15,10.02,10.06,155596
01/19/2024,10.1,10.1,9.97,10.06,68529
01/22/2024,10.09,10.1599,10.0862,10.15,50543
01/23/2024,10.13,10.17,10.11,10.13,37023
01/24/2024,10.15,10.21,10.11,10.14,60740
01/25/2024,10.16,10.29,10.16,10.23,74173
01/26/2024,10.18,10.2,10.12,10.14,50401
01/29/2024,10.15,10.23,10.15,10.22,63226
01/30/2024,10.22,10.29,10.18,10.22,82452
01/31/2024,10.24,10.35,10.24,10.28,68859
02/01/2024,10.34,10.47,10.3398,10.43,47679
02/02/2024,10.34,10.48,10.32,10.34,61081
02/05/2024,10.31,10.31,10.24,10.28,48441
02/06/2024,10.25,10.34,10.25,10.34,46417
02/07/2024,10.29,10.37,10.29,10.33,39806
02/08/2024,10.33,10.37,10.29,10.33,50421
02/09/2024,10.38,10.41,10.36,10.39,66400
02/12/2024,10.42,10.49,10.42,10.46,89203
02/13/2024,10.4,10.4081,10.3482,10.37,27762
02/14/2024,10.35,10.43,10.34,10.43,33370
02/15/2024,10.46,10.52,10.46,10.51,30627
02/16/2024,10.48,10.495,10.43,10.48,22930
02/20/2024,10.51,10.53,10.47,10.48,18915
02/21/2024,10.47,10.56,10.43,10.43,51393
02/22/2024,10.53,10.53,10.44,10.45,22840
02/23/2024,10.51,10.52,10.39,10.41,53069
02/26/2024,10.44,10.45,10.331,10.37,21268
02/27/2024,10.38,10.38,10.32,10.35,26129
02/28/2024,10.38,10.41,10.35,10.4,31864
02/29/2024,10.41,10.45,10.4024,10.43,37977
03/01/2024,10.46,10.51,10.42,10.5,19998
03/04/2024,10.5,10.56,10.45,10.52,35194
03/05/2024,10.55,10.55,10.52,10.54,29974
03/06/2024,10.54,10.59,10.52,10.55,42461
03/07/2024,10.57,10.62,10.54,10.58,19288
03/08/2024,10.59,10.65,10.56,10.58,45988
03/11/2024,10.56,10.6,10.52,10.53,24030
03/12/2024,10.51,10.54,10.49,10.5,27736
03/13/2024,10.5,10.55,10.5,10.53,33941
03/14/2024,10.46,10.47,10.39,10.43,44786
03/15/2024,10.4,10.46,10.38,10.44,31567
03/18/2024,10.52,10.52,10.4662,10.51,42321
03/19/2024,10.48,10.52,10.47,10.49,15664
03/20/2024,10.46,10.49,10.44,10.48,18672
03/21/2024,10.46,10.48,10.4,10.4,44502
03/22/2024,10.46,10.47,10.4,10.42,49527
03/25/2024,10.39,10.4,10.36,10.38,36312
03/26/2024,10.41,10.41,10.34,10.38,72267
03/27/2024,10.36,10.41,10.33,10.41,80396
03/28/2024,10.38,10.51,10.33,10.51,62892
04/01/2024,10.48,10.48,10.26,10.32,59056
04/02/2024,10.23,10.27,10.21,10.25,58442
04/03/2024,10.2,10.23,10.14,10.2,65079
04/04/2024,10.21,10.22,10.14,10.16,62044
04/05/2024,10.11,10.16,10.1,10.14,45803
04/08/2024,10.15,10.19,10.13,10.16,37473
04/09/2024,10.17,10.17,10.11,10.13,56225
04/10/2024,10.06,10.06,9.99,9.99,45073
04/11/2024,10.03,10.03,9.965,10.01,44285
04/12/2024,9.99,10.01,9.96,9.97,36094
04/15/2024,9.92,9.93,9.8501,9.87,39070
04/16/2024,9.84,9.89,9.79,9.87,67464
04/17/2024,9.89,9.92,9.88,9.92,39780
04/18/2024,9.88,9.9,9.8665,9.87,36548
04/19/2024,9.88,9.92,9.88,9.88,28542
04/22/2024,9.91,9.91,9.86,9.91,59409
04/23/2024,9.91,9.94,9.9,9.9,29938
04/24/2024,9.84,9.9,9.84,9.85,68332
04/25/2024,9.8,9.8,9.74,9.774,55715
04/26/2024,9.76,9.82,9.76,9.8,61176
04/29/2024,9.82,9.855,9.81,9.84,65613
04/30/2024,9.82,9.82,9.79,9.81,82458
05/01/2024,9.82,9.89,9.81,9.87,71002
05/02/2024,9.84,9.88,9.81,9.88,66026
05/03/2024,9.93,9.98,9.92,9.96,56532
05/06/2024,9.98,10.02,9.97,10.01,84541
05/07/2024,10.07,10.11,10.0405,10.09,87731
05/08/2024,10.06,10.13,10.06,10.1,37036
05/09/2024,10.11,10.12,10.08,10.1,30329
05/10/2024,10.06,10.12,10.04,10.08,69246
05/13/2024,10.1,10.11,10.09,10.1,67466
05/14/2024,10.06,10.07,10.05,10.05,26341
05/15/2024,10.11,10.15,10.1,10.12,36740
05/16/2024,10.08,10.15,10.08,10.1,32872
05/17/2024,10.1,10.12,10.08,10.1,55623
05/20/2024,10.11,10.12,10.08,10.11,27595
05/21/2024,10.11,10.12,10.06,10.1,52777
05/22/2024,10.05,10.08,9.99,10,75786
05/23/2024,10.01,10.01,9.94,9.97,68156
05/24/2024,10.01,10.05,9.952,10.05,43888
05/28/2024,10.035,10.07,9.97,10,28934
05/29/2024,9.95,9.97,9.87,9.89,62471
05/30/2024,9.9,9.925,9.85,9.879,48022
05/31/2024,9.9,9.96,9.89,9.93,44889
06/03/2024,10,10.01,9.9554,10,70282
06/04/2024,10.04,10.09,10.03,10.04,86703
06/05/2024,10.11,10.11,10.06,10.07,57451
06/06/2024,10.11,10.11,10.05,10.07,93064
06/07/2024,9.99,10.07,9.99,10.0601,51120
06/10/2024,10.07,10.14,10.0645,10.1,76230
06/11/2024,10.1,10.16,10.1,10.12,35360
06/12/2024,10.18,10.25,10.15,10.15,25825
06/13/2024,10.19,10.25,10.16,10.18,51374
06/14/2024,10.11,10.18,10.11,10.15,24548
06/17/2024,10.16,10.229,10.16,10.21,72059
06/18/2024,10.24,10.28,10.18,10.28,24837
06/20/2024,10.21,10.25,10.19,10.23,54477
06/21/2024,10.26,10.26,10.195,10.2,35984
06/24/2024,10.2,10.22,10.18,10.19,68247
06/25/2024,10.17,10.2199,10.17,10.2,36111
06/26/2024,10.2,10.21,10.16,10.21,27013
06/27/2024,10.22,10.28,10.22,10.28,26933
06/28/2024,10.29,10.31,10.255,10.29,42934
07/01/2024,10.28,10.29,10.22,10.23,67487
07/02/2024,10.25,10.27,10.2152,10.22,39143
07/03/2024,10.2,10.2799,10.2,10.24,26811
07/05/2024,10.26,10.292,10.23,10.26,31342
07/08/2024,10.24,10.2855,10.19,10.22,54369
07/09/2024,10.21,10.26,10.21,10.2448,13722
07/10/2024,10.25,10.2999,10.25,10.275,19131
07/11/2024,10.32,10.41,10.3175,10.37,63645
07/12/2024,10.36,10.4594,10.36,10.43,46621
07/15/2024,10.39,10.43,10.32,10.4,35892
07/16/2024,10.38,10.46,10.38,10.46,47088
07/17/2024,10.43,10.46,10.41,10.43,48504
07/18/2024,10.4,10.4,10.36,10.37,18214
07/19/2024,10.36,10.39,10.3535,10.3861,12246
07/22/2024,10.38,10.424,10.38,10.41,17493
07/23/2024,10.39,10.43,10.375,10.395,51950
07/24/2024,10.36,10.37,10.315,10.32,37807
07/25/2024,10.35,10.41,10.32,10.4,91912
07/26/2024,10.39,10.46,10.38,10.425,50755
07/29/2024,10.45,10.45,10.425,10.45,26235
07/30/2024,10.47,10.5,10.41,10.49,58530
07/31/2024,10.5,10.55,10.48,10.52,36804
08/01/2024,10.59,10.74,10.54,10.65,133162
08/02/2024,10.77,10.79,10.69,10.75,75066
08/05/2024,10.71,10.71,10.54,10.54,52258
08/06/2024,10.59,10.67,10.57,10.63,34877
08/07/2024,10.64,10.72,10.64,10.67,40849
08/08/2024,10.65,10.65,10.56,10.56,48160
08/09/2024,10.57,10.6196,10.56,10.56,19884
08/12/2024,10.6,10.61,10.55,10.6,35859
08/13/2024,10.62,10.65,10.59,10.61,11362
08/14/2024,10.61,10.64,10.6,10.6191,14516
08/15/2024,10.54,10.55,10.51,10.53,31469
08/16/2024,10.57,10.6,10.57,10.58,29497
08/19/2024,10.57,10.6,10.55,10.58,32838
08/20/2024,10.59,10.63,10.53,10.53,42553
08/21/2024,10.51,10.6,10.51,10.57,46775
08/22/2024,10.54,10.55,10.5,10.501,50869
08/23/2024,10.52,10.57,10.51,10.52,82237
08/26/2024,10.54,10.5642,10.5,10.52,49918
08/27/2024,10.5,10.54,10.5,10.52,21533
08/28/2024,10.55,10.55,10.51,10.52,36364
08/29/2024,10.52,10.57,10.5199,10.54,55778
08/30/2024,10.53,10.56,10.5,10.55,45159
09/03/2024,10.57,10.62,10.5541,10.57,50039
09/04/2024,10.6,10.66,10.58,10.62,66758
09/05/2024,10.63,10.67,10.59,10.61,47911
09/06/2024,10.6,10.6402,10.6,10.63,26531
09/09/2024,10.64,10.71,10.64,10.66,76447
09/10/2024,10.65,10.73,10.65,10.73,19107
09/11/2024,10.75,10.79,10.71,10.775,67551
09/12/2024,10.76,10.89,10.76,10.875,61391
09/13/2024,10.92,10.95,10.86,10.89,65236
09/16/2024,10.84,10.91,10.835,10.9,40184
09/17/2024,10.87,10.92,10.835,10.85,14908
09/18/2024,10.87,10.89,10.83,10.86,46464
09/19/2024,10.85,10.91,10.84,10.89,33464
09/20/2024,10.9,10.92,10.87,10.92,36089
09/23/2024,10.89,10.91,10.86,10.87,20611
09/24/2024,10.85,10.85,10.79,10.82,46795
09/25/2024,10.8,10.86,10.8,10.83,33400
09/26/2024,10.85,10.87,10.82,10.855,25370
09/27/2024,10.88,10.88,10.81,10.82,32227
09/30/2024,10.83,10.88,10.82,10.82,29676
10/01/2024,10.85,11,10.85,10.9798,60230
10/02/2024,10.93,10.935,10.84,10.87,65315
10/03/2024,10.87,10.87,10.76,10.78,87601
10/04/2024,10.73,10.7575,10.65,10.7,165958
10/07/2024,10.68,10.69,10.6,10.61,51186
10/08/2024,10.6,10.66,10.59,10.59,71219
10/09/2024,10.59,10.67,10.57,10.67,107499
10/10/2024,10.74,10.74,10.65,10.66,136861
10/11/2024,10.7,10.7184,10.67,10.68,79130
10/14/2024,10.68,10.68,10.62,10.62,38885
10/15/2024,10.62,10.65,10.56,10.6,45503
10/16/2024,10.6,10.66,10.58,10.64,63464
10/17/2024,10.62,10.71,10.62,10.69,28444
10/18/2024,10.68,10.73,10.68,10.71,18809
10/21/2024,10.72,10.72,10.6419,10.65,39551
10/22/2024,10.65,10.68,10.57,10.58,64355
10/23/2024,10.55,10.585,10.41,10.44,53038
10/24/2024,10.44,10.44,10.33,10.33,38052
10/25/2024,10.38,10.4623,10.38,10.43,39678
10/28/2024,10.47,10.47,10.35,10.36,35986
10/29/2024,10.33,10.33,10.24,10.29,68016
10/30/2024,10.3,10.34,10.27,10.31,45067
10/31/2024,10.34,10.375,10.27,10.37,60422
11/01/2024,10.44,10.4999,10.2801,10.31,52802
11/04/2024,10.4,10.47,10.3489,10.35,67260
11/05/2024,10.4,10.43,10.35,10.38,97516
11/06/2024,10.37,10.38,10.27,10.37,149709
11/07/2024,10.43,10.49,10.42,10.46,46642
11/08/2024,10.51,10.55,10.48,10.5,50103
11/11/2024,10.6,10.62,10.51,10.519,31947
11/12/2024,10.54,10.56,10.39,10.41,35526
11/13/2024,10.5,10.5194,10.36,10.43,90155
11/14/2024,10.44,10.5,10.42,10.47,67006
11/15/2024,10.45,10.45,10.31,10.33,46763
11/18/2024,10.33,10.35,10.29,10.32,38936
11/19/2024,10.29,10.331,10.29,10.31,46087
11/20/2024,10.29,10.33,10.29,10.32,60704
11/21/2024,10.37,10.37,10.31,10.32,51318
11/22/2024,10.35,10.3555,10.29,10.32,49086
11/25/2024,10.43,10.43,10.34,10.4,129126
11/26/2024,10.37,10.42,10.35,10.4,90575
11/27/2024,10.46,10.58,10.46,10.58,69061
11/29/2024,10.63,10.6899,10.62,10.68,23962
12/02/2024,10.73,10.7399,10.665,10.68,54095
12/03/2024,10.74,10.74,10.68,10.69,35082
12/04/2024,10.7,10.7299,10.6674,10.7,22167
12/05/2024,10.72,10.72,10.56,10.56,74749
12/06/2024,10.63,10.66,10.6,10.63,62378
12/09/2024,10.66,10.6901,10.56,10.6,27448
12/10/2024,10.6,10.61,10.56,10.59,45367
12/11/2024,10.62,10.67,10.45,10.53,125446
12/12/2024,10.56,10.57,10.51,10.55,68162
12/13/2024,10.55,10.55,10.44,10.45,45387
12/16/2024,10.48,10.49,10.4,10.42,54547
12/17/2024,10.38,10.4492,10.22,10.25,61742
12/18/2024,10.3,10.32,10.13,10.15,72017
12/19/2024,10.15,10.23,9.99,10.06,112707
12/20/2024,10.06,10.12,9.94,9.97,52907
12/23/2024,10.01,10.01,9.82,9.88,134785
12/24/2024,9.88,9.95,9.82,9.92,81672
12/26/2024,9.94,9.94,9.85,9.94,165700
12/27/2024,9.9,9.91,9.84,9.89,87950
12/30/2024,9.83,9.92,9.83,9.84,154932
12/31/2024,9.88,9.9294,9.84,9.86,183054
01/02/2025,9.93,10.02,9.9,10.01,51461
01/03/2025,10.01,10.0497,10,10.01,70810
01/06/2025,10.01,10.0222,9.92,9.96,102941
01/07/2025,9.97,10.01,9.91,10.01,71739
01/08/2025,10,10.01,9.92,9.96,46889
01/10/2025,9.9,9.9199,9.83,9.85,124103
01/13/2025,9.83,9.84,9.78,9.82,73353
01/14/2025,9.82,9.87,9.8001,9.85,46466
01/15/2025,9.89,10,9.85,9.95,96518
01/16/2025,9.98,10.09,9.92,10.05,115744
01/17/2025,10.08,10.12,10.0345,10.071,71837
01/21/2025,10.13,10.2,10.1,10.15,66868
01/22/2025,10.11,10.15,10.08,10.1,50029
01/23/2025,10.08,10.11,10.06,10.07,126677
01/24/2025,10.08,10.18,10.05,10.145,78144
01/27/2025,10.18,10.2,10.12,10.1899,34762
01/28/2025,10.18,10.23,10.13,10.21,49210
01/29/2025,10.25,10.25,10.16,10.2,51641
01/30/2025,10.25,10.25,10.18,10.195,134268
01/31/2025,10.23,10.25,10.16,10.18,68196
02/03/2025,10.2,10.28,10.12,10.19,112226
02/04/2025,10.18,10.3,10.18,10.23,89951
02/05/2025,10.27,10.31,10.27,10.28,47921
02/06/2025,10.27,10.31,10.27,10.29,41370
02/07/2025,10.29,10.3,10.24,10.25,47251
02/10/2025,10.25,10.3,10.25,10.27,66969
02/11/2025,10.24,10.2599,10.22,10.23,56926
02/12/2025,10.11,10.16,10.05,10.08,107404
02/13/2025,10.12,10.15,10.1,10.12,69054
02/14/2025,10.09,10.22,10.09,10.21,48757
02/18/2025,10.22,10.24,10.181,10.23,35784
02/19/2025,10.25,10.39,10.25,10.32,58711
02/20/2025,10.31,10.38,10.31,10.31,49210
02/21/2025,10.31,10.38,10.31,10.36,17226
02/24/2025,10.34,10.4,10.34,10.35,60362
02/25/2025,10.36,10.4,10.35,10.35,25351
02/26/2025,10.35,10.375,10.33,10.365,24290
02/27/2025,10.37,10.37,10.3,10.31,42808
02/28/2025,10.34,10.37,10.33,10.37,33930
03/03/2025,10.36,10.38,10.33,10.36,58387
03/04/2025,10.36,10.4,10.3,10.3,64547
03/05/2025,10.37,10.37,10.26,10.29,63254
03/06/2025,10.27,10.3143,10.2501,10.2699,17073
03/07/2025,10.27,10.27,10.21,10.21,27667
03/10/2025,10.2,10.2554,10.2,10.22,23065
03/11/2025,10.21,10.22,10.17,10.2,24976
03/12/2025,10.21,10.21,10.15,10.17,20104
03/13/2025,10.14,10.14,10.09,10.09,32926
03/14/2025,9.99,10.0524,9.99,10,14471
03/17/2025,10.02,10.0385,9.95,10.01,50914
03/18/2025,10.03,10.0642,10,10.03,23049
03/19/2025,10,10.0262,9.98,9.99,78599
03/20/2025,10.02,10.14,10.02,10.1,55075
03/21/2025,10.14,10.25,10.0985,10.15,65827
03/24/2025,10.25,10.31,10.15,10.28,112459
03/25/2025,10.27,10.276,10.16,10.17,39390
03/26/2025,10.15,10.16,10.03,10.05,41464
03/27/2025,10.02,10.08,9.96,9.97,44015
03/28/2025,10.03,10.07,9.96,10,79460
03/31/2025,10,10.08,10,10,57397
04/01/2025,10.08,10.155,10.06,10.1,64857
04/02/2025,10.1,10.115,10.04,10.07,60215
04/03/2025,10.13,10.13,10.06,10.07,103080
04/04/2025,10.07,10.13,9.9,9.9,135502
04/07/2025,9.88,9.94,9.7005,9.71,161964
04/08/2025,9.71,9.765,9.22,9.28,211002
04/09/2025,9.14,9.44,9.05,9.418,241276
04/10/2025,9.34,9.43,9.11,9.28,83578
04/11/2025,9.29,9.41,9.12,9.39,124409
04/14/2025,9.42,9.5,9.415,9.48,100656
04/15/2025,9.43,9.5298,9.42,9.42,86006
04/16/2025,9.4,9.471,9.4,9.42,55955
04/17/2025,9.42,9.52,9.38,9.4,52680
04/21/2025,9.41,9.448,9.2701,9.31,94222
04/22/2025,9.41,9.4687,9.31,9.31,60872
04/23/2025,9.44,9.52,9.38,9.44,49584
04/24/2025,9.49,9.585,9.45,9.55,68186
04/25/2025,9.6,9.71,9.56,9.64,89819
04/28/2025,9.68,9.71,9.61,9.62,34318
04/29/2025,9.68,9.7,9.63,9.65,56362
04/30/2025,9.64,9.74,9.62,9.73,58163
05/01/2025,9.76,9.8011,9.7,9.71,33954
05/02/2025,9.77,9.7757,9.7,9.74,49074
05/05/2025,9.77,9.77,9.7,9.75,12156
05/06/2025,9.78,9.84,9.71,9.82,49466
05/07/2025,9.86,9.86,9.8,9.81,46921
05/08/2025,9.86,9.87,9.82,9.84,30197
05/09/2025,9.89,9.8992,9.8215,9.85,18382
05/12/2025,9.88,9.9,9.84,9.87,28133
05/13/2025,9.87,9.94,9.8157,9.91,44100
05/14/2025,9.96,9.96,9.82,9.86,43369
05/15/2025,9.85,9.89,9.8,9.85,14744
05/16/2025,9.86,9.8799,9.8,9.85,10860
05/19/2025,9.75,9.785,9.72,9.76,38067
05/20/2025,9.75,9.81,9.71,9.73,11837
05/21/2025,9.71,9.73,9.56,9.6,40551
05/22/2025,9.63,9.63,9.56,9.57,28902
05/23/2025,9.61,9.6246,9.5016,9.58,47042
05/27/2025,9.65,9.66,9.6,9.64,27825
05/28/2025,9.65,9.65,9.54,9.57,62211
05/29/2025,9.58,9.66,9.5,9.515,80781
05/30/2025,9.53,9.56,9.53,9.56,48823
06/02/2025,9.55,9.59,9.5205,9.56,67759
06/03/2025,9.62,9.65,9.5541,9.59,32342
06/04/2025,9.59,9.6,9.5,9.53,41289
06/05/2025,9.55,9.6,9.52,9.54,18151
06/06/2025,9.52,9.53,9.5,9.52,20752
06/09/2025,9.51,9.58,9.49,9.55,75499
06/10/2025,9.55,9.58,9.51,9.54,51460
06/11/2025,9.52,9.54,9.49,9.54,77973
06/12/2025,9.54,9.59,9.53,9.59,84956
06/13/2025,9.51,9.57,9.5,9.52,52043
06/16/2025,9.52,9.55,9.51,9.52,45496
06/17/2025,9.52,9.52,9.49,9.5,66204
06/18/2025,9.5,9.53,9.47,9.5,67212
06/20/2025,9.49,9.52,9.4536,9.52,35891
06/23/2025,9.52,9.54,9.48,9.51,39761
06/24/2025,9.51,9.56,9.51,9.53,77177
06/25/2025,9.5,9.58,9.5,9.53,65804
06/26/2025,9.54,9.56,9.52,9.54,20726
06/27/2025,9.52,9.57,9.51,9.54,56640
06/30/2025,9.56,9.64,9.55,9.64,69616
07/01/2025,9.65,9.66,9.6,9.65,36506
07/02/2025,9.65,9.7,9.6456,9.7,38132
07/03/2025,9.66,9.7,9.66,9.67,22959
07/07/2025,9.66,9.68,9.6,9.65,44847
07/08/2025,9.6,9.64,9.56,9.57,51859
07/09/2025,9.59,9.63,9.57,9.583,34360
07/10/2025,9.59,9.5985,9.55,9.57,43602
07/11/2025,9.55,9.6,9.55,9.565,24188
07/14/2025,9.59,9.61,9.56,9.58,19260
07/15/2025,9.57,9.57,9.46,9.47,11784
07/16/2025,9.48,9.81,9.42,9.43,57639
07/17/2025,9.46,9.46,9.36,9.41,55412
07/18/2025,9.36,9.4,9.34,9.34,32246
07/21/2025,9.4,9.4273,9.32,9.39,30803
07/22/2025,9.41,9.43,9.3916,9.42,5396
07/23/2025,9.42,9.42,9.3507,9.39,61911
07/24/2025,9.37,9.39,9.33,9.385,32418
07/25/2025,9.37,9.4095,9.345,9.38,47673
07/28/2025,9.36,9.39,9.345,9.3678,38321
07/29/2025,9.35,9.42,9.35,9.39,48121
07/30/2025,9.37,9.405,9.35,9.35,55838
07/31/2025,9.36,9.45,9.36,9.44,81839
08/01/2025,9.45,9.54,9.45,9.52,59084
08/04/2025,9.52,9.53,9.48,9.5,68016
08/05/2025,9.51,9.54,9.5,9.54,106363
08/06/2025,9.5306,9.58,9.52,9.56,72928
08/07/2025,9.6,9.62,9.56,9.62,44440
08/08/2025,9.59,9.62,9.5407,9.57,50931
08/11/2025,9.6,9.62,9.58,9.61,48868
08/12/2025,9.59,9.62,9.53,9.6,58108
08/13/2025,9.62,9.65,9.6,9.65,45544
08/14/2025,9.62,9.64,9.61,9.63,52777
08/15/2025,9.59,9.62,9.563,9.575,26183
08/18/2025,9.59,9.61,9.55,9.55,53827
08/19/2025,9.57,9.57,9.5,9.51,13132
08/20/2025,9.48,9.5,9.43,9.43,56773
08/21/2025,9.39,9.45,9.39,9.41,78277
08/22/2025,9.4284,9.5,9.4284,9.5,43502
08/25/2025,9.49,9.56,9.47,9.485,139602
08/26/2025,9.5,9.55,9.47,9.51,95075
08/27/2025,9.52,9.5326,9.4875,9.52,173271
08/28/2025,9.51,9.56,9.47,9.51,95559
08/29/2025,9.52,9.59,9.5105,9.59,30453
09/02/2025,9.52,9.5899,9.52,9.55,57417
09/03/2025,9.59,9.65,9.53,9.64,73265
09/04/2025,9.64,9.69,9.61,9.63,76536
09/05/2025,9.67,9.74,9.67,9.73,116046
09/08/2025,9.77,9.87,9.7601,9.86,37708
09/09/2025,9.86,9.94,9.83,9.88,65019
09/10/2025,9.93,10.04,9.93,10.04,62213
09/11/2025,10.04,10.15,10.04,10.13,129359
09/12/2025,10.13,10.14,10.0925,10.14,51475
09/15/2025,10.1,10.15,10.09,10.15,19041
09/16/2025,10.11,10.17,10.1,10.12,70663
09/17/2025,10.16,10.18,10.13,10.14,28921
09/18/2025,10.11,10.14,10.1,10.14,75347
09/19/2025,10.13,10.14,10.1,10.12,19197
09/22/2025,10.11,10.1409,10.0742,10.12,62737
09/23/2025,10.13,10.15,10.08,10.14,76523
09/24/2025,10.11,10.13,10.08,10.11,109442
09/25/2025,10.11,10.11,9.95,10.06,66436
09/26/2025,10.04,10.06,10.01,10.01,22736
09/29/2025,10.02,10.08,10.02,10.04,27146
09/30/2025,10.03,10.07,10.03,10.03,48141
10/01/2025,10.06,10.135,10.06,10.1,54809
10/02/2025,10.14,10.17,10.06,10.1,61109
10/03/2025,10.07,10.0978,10.04,10.04,29638
10/06/2025,10.03,10.06,10.03,10.04,33013
10/07/2025,10.04,10.08,10.04,10.05,51127
10/08/2025,10.06,10.13,10.06,10.12,55266
10/09/2025,10.11,10.13,10.07,10.12,44483
10/10/2025,10.16,10.1799,10.12,10.15,18755
10/13/2025,10.15,10.25,10.098,10.195,29361
10/14/2025,10.15,10.25,10.15,10.2,78899
10/15/2025,10.14,10.2163,10.14,10.18,27150
10/16/2025,10.18,10.18,10.1,10.12,168480
10/17/2025,10.08,10.14,10.04,10.07,67821
10/20/2025,10.09,10.1525,10.05,10.07,60365
10/21/2025,10.17,10.17,10.08,10.1,83210
10/22/2025,10.1,10.15,10.07,10.09,88447
10/23/2025,10.08,10.14,10.06,10.1,99372
10/24/2025,10.08,10.1399,10.01,10.08,89755
10/27/2025,10.08,10.083,10.03,10.08,93927
10/28/2025,10.08,10.13,10.05,10.05,117315
10/29/2025,10.05,10.08,10.01,10.03,120032
10/30/2025,9.99,10.01,9.95,9.99,112293
10/31/2025,9.98,10.04,9.98,10.03,153006
11/03/2025,10,10.035,9.98,10.01,115227
11/04/2025,10.01,10.06,9.99,10.06,107991
11/05/2025,10.04,10.08,9.99,10.04,70865
11/06/2025,10.07,10.09,10.02,10.06,61234
11/07/2025,10.07,10.08,10.0001,10.04,56144
11/10/2025,10.02,10.08,10.02,10.07,37311
11/11/2025,10.08,10.17,10.08,10.14,81093
11/12/2025,10.1,10.18,10.1,10.16,37271
11/13/2025,10.13,10.1988,10.115,10.138,36559
11/14/2025,10.14,10.14,10.024,10.048,69924
11/17/2025,10.07,10.07,9.999,10.003,44686
11/18/2025,10,10.0385,10,10,40916
11/19/2025,10,10.05,9.97,9.99,28426
11/20/2025,9.97,10.005,9.9,9.9,44425
11/21/2025,9.9,9.92,9.89,9.915,20624
11/24/2025,9.9,9.94,9.88,9.925,28286
11/25/2025,9.93,9.97,9.8959,9.93,54330
11/26/2025,9.91,9.98,9.91,9.95,69801
11/28/2025,9.94,9.97,9.94,9.97,13879
12/01/2025,9.91,9.9652,9.91,9.92,72089
12/02/2025,9.91,9.93,9.8827,9.9,110730
12/03/2025,9.89,9.99,9.89,9.99,153808
12/04/2025,9.96,10.021,9.93,10,54119
12/05/2025,10.07,10.07,9.99,10.07,90211
12/08/2025,10.04,10.045,10,10.03,44185
12/09/2025,10.03,10.0499,10,10.02,59115
12/10/2025,9.99,10.06,9.99,10.02,39944
12/11/2025,10.0504,10.08,9.99,10.06,28673
12/12/2025,10.01,10.05,9.96,9.97,52175
12/15/2025,9.95,9.9897,9.93,9.98,53936
12/16/2025,9.93,10.05,9.93,9.97,80178
12/17/2025,9.99,10.02,9.94,10.01,43119
12/18/2025,9.97,10.04,9.95,10,111994
12/19/2025,9.96,10.04,9.96,10,65452
12/22/2025,9.99,10,9.93,9.97,69303
12/23/2025,9.93,9.98,9.88,9.92,159700
12/24/2025,9.9,9.97,9.9,9.94,56768
12/26/2025,9.98,9.98,9.89,9.93,66767
12/29/2025,9.91,10.01,9.9,9.97,155183
12/30/2025,9.93,10.023989,9.93,10,74486
12/31/2025,10.02,10.05,9.9701,10.05,79333
01/02/2026,9.98,10.05,9.96,10,31816
01/05/2026,10.01,10.08,9.97,10.03,24390
01/06/2026,10.03,10.09,10.03,10.08,48373
01/07/2026,10.08,10.22,10.06,10.13,81312
01/08/2026,10.11,10.18,10.1,10.13,35089
01/09/2026,10.13,10.1493,10.11,10.135,42466
01/12/2026,10.13,10.1799,10.1001,10.15,24509
01/13/2026,10.18,10.18,10.1301,10.14,51896
01/14/2026,10.1681,10.215,10.16,10.19,65508
01/15/2026,10.19,10.22,10.18,10.205,26099
01/16/2026,10.19,10.22,10.16,10.21,15299
01/20/2026,10.14,10.14,10,10,101170
01/21/2026,10.03,10.1,10.02,10.1,96929
01/22/2026,10.08,10.09,10.04,10.04,46186
01/23/2026,10.04,10.0873,10,10,32510
01/26/2026,10.034,10.05,9.97,9.97,72433
01/27/2026,10,10.11,9.99,10.07,50171
01/28/2026,10.1,10.17,10.0884,10.17,85238
01/29/2026,10.13,10.16,10.06,10.14,81704
01/30/2026,10.135,10.23,10.135,10.23,49811
02/02/2026,10.24,10.24,10.165,10.215,77343
02/03/2026,10.19,10.3,10.19,10.3,72018
02/04/2026,10.25,10.3414,10.22,10.23,66252
02/05/2026,10.26,10.29,10.2,10.24,124987
02/06/2026,10.15,10.22,10.14,10.2,41751
02/09/2026,10.185,10.255,10.185,10.23,16088
02/10/2026,10.24,10.325,10.24,10.29,8650
02/11/2026,10.28,10.3,10.22,10.22,12428
02/12/2026,10.22,10.29,10.22,10.233,32364
02/13/2026,10.29,10.33,10.21,10.21,62123
02/17/2026,10.21,10.3,10.21,10.23,132134
02/18/2026,10.23,10.26,10.22,10.23,28606
02/19/2026,10.265,10.3,10.24,10.29,28882
02/20/2026,10.26,10.31,10.26,10.295,15310
