12/01/2022,97,99.5041,95.7391,98.66,11694
12/02/2022,95.94,99.9799,95.94,98.85,6296
12/05/2022,98.96,100.5,96.11,100.05,14157
12/06/2022,100.81,103.8,98.405,103,13196
12/07/2022,101.51,103.805,100.1001,101.61,10457
12/08/2022,103.3,111.08,102.1478,110.61,26588
12/09/2022,109.3,112.05,107.88,108.01,7759
12/12/2022,107.0616,109.1556,103.6701,106.14,15372
12/13/2022,107.895,108.49,103.7674,105,31386
12/14/2022,109.0667,109.0667,105.39,106.8,7792
12/15/2022,105,107.17,103.38,103.38,13702
12/16/2022,101.98,108.225,101.98,102.63,30618
12/19/2022,103.8,103.8,97.74,98.37,11023
12/20/2022,98.355,98.355,93,94.2,8108
12/21/2022,92.48,97.4907,91.5101,95.5,8208
12/22/2022,95.16,96.175,95,95.41,7785
12/23/2022,95.12,96.655,94.56,94.9,7977
12/27/2022,92.53,96.47,92.51,94.8,7097
12/28/2022,92.88,96.236,92.0801,92.9,7498
12/29/2022,93.2,98.6,91.1675,93.54,35512
12/30/2022,92.66,95.49,91.01,93.32,15213
01/03/2023,93.69,95.48,91.93,92.4,15083
01/04/2023,92.2,94.29,90.58,93,25208
01/05/2023,91.9,93.1806,89.91,90.24,6184
01/06/2023,92,93.295,92,92,10847
01/09/2023,97.292,97.292,94.04,94.82,3999
01/10/2023,94.7239,95.77,91.5001,95.46,7259
01/11/2023,95.3,97.5,95.265,97.49,6601
01/12/2023,93.25,99.923,93.25,96.97,4789
01/13/2023,98.6,102.44,95.01,96.72,7980
01/17/2023,96.45,99.58,95.99,97.83,10963
01/18/2023,98.05,98.05,96.6328,96.935,6115
01/19/2023,96.69,96.69,93.88,95.64,9813
01/20/2023,96.25,97.46,94.0187,97.46,9671
01/23/2023,97,99,95.75,98,12699
01/24/2023,97.3763,100.06,97.3763,100.06,8649
01/25/2023,98.4,105.5,98.4,104.48,9975
01/26/2023,103,107.7,99.8765,101,11765
01/27/2023,98.27,105.2366,98.27,104.32,6291
01/30/2023,103.97,106,101.7131,102.52,6537
01/31/2023,105.21,106.3,103.02,106.3,9435
02/01/2023,104.1,107.01,100.08,105.04,9297
02/02/2023,106.3,112.67,106.3,111.98,18912
02/03/2023,111.2,118.94,107.2,115.51,14864
02/06/2023,116.27,121.11,113.76,117.34,20039
02/07/2023,118.38,119.925,113.5,113.5,17783
02/08/2023,112.43,115.69,110.04,110.32,14619
02/09/2023,108.28,117.21,108.28,111.91,15843
02/10/2023,116.0485,116.97,111.65,113.03,16166
02/13/2023,113.8,118,111.57,117.12,18504
02/14/2023,114,120.412,114,117.2,22185
02/15/2023,117.37,124.35,117.37,123.3,10457
02/16/2023,122,124.76,118.7101,121.98,19608
02/17/2023,123.33,125.8,123.26,125.6,23882
02/21/2023,125.4,125.4,116.68,118,33008
02/22/2023,117.72,124.42,117.58,122.41,26940
02/23/2023,119.61,128.505,115.19,115.85,34805
02/24/2023,113.91,123.14,112.8059,114.8,47677
02/27/2023,114.67,118.35,113.66,114.4,25075
02/28/2023,113.03,118.06,112.38,116.38,40902
03/01/2023,116.01,121.22,116.01,119.02,40065
03/02/2023,119.02,121.55,117,117.8,22612
03/03/2023,118.01,122.28,117.9606,122.12,18347
03/06/2023,120.2,125,120.2,120.89,43953
03/07/2023,120.01,120.49,115.79,115.8,11763
03/08/2023,115.33,116.19,110.89,112.39,15650
03/09/2023,111.4925,114.115,108.4,109.63,27466
03/10/2023,108.52,109.86,105.69,109.3,27650
03/13/2023,107.59,109.47,106.44,107.75,19359
03/14/2023,110.16,110.98,108.01,108.64,25361
03/15/2023,104.95,108.91,103.909,108.25,39971
03/16/2023,107.75,111.5475,104.625,110.63,24978
03/17/2023,109.42,110,106.205,108.65,71163
03/20/2023,109.8,112.925,109.6725,109.68,18016
03/21/2023,113.44,113.99,111.74,113.74,11679
03/22/2023,113.15,113.73,107.85,107.85,13659
03/23/2023,107.56,110.66,107.56,108.52,16947
03/24/2023,107.95,109.94,107.2472,108.87,13527
03/27/2023,109.77,111.69,108.54,109.345,19679
03/28/2023,109.03,109.5,107.23,107.9,6955
03/29/2023,107.93,109.1975,107.65,108.845,10851
03/30/2023,109.9,110.21,108.82,110.06,10054
03/31/2023,111.45,112.32,110.54,111.44,15489
04/03/2023,112.71,112.71,109.88,111.19,13641
04/04/2023,110.42,110.42,106.92,107.21,19387
04/05/2023,107.9,107.9,103.98,105.4,18702
04/06/2023,105.66,107.3,103.44,103.69,11565
04/10/2023,103.92,106.01,103.5,104.9,11148
04/11/2023,106.035,106.9,104.45,105.09,17757
04/12/2023,106.63,106.73,105.11,106.73,10597
04/13/2023,107.82,109.57,106.58,109.54,10653
04/14/2023,110.31,110.31,108.25,108.25,14211
04/17/2023,109.13,109.35,107.6,108.31,11575
04/18/2023,108.33,108.33,102.31,102.56,20424
04/19/2023,101.83,103.37,101.04,103.37,9277
04/20/2023,106.73,112.62,106.73,112.62,31844
04/21/2023,112.33,113.4,109.82,113.4,11841
04/24/2023,112.38,114.5,111.5,111.5,10337
04/25/2023,110.79,110.9,110.04,110.04,6857
04/26/2023,110,110.34,106.41,107.64,11430
04/27/2023,108.9,111.77,108.37,111.27,6611
04/28/2023,111.39,111.39,109.31,110.01,7693
05/01/2023,110.7,114.86,110.2,114.74,14085
05/02/2023,114.74,116.38,113,115.9,15786
05/03/2023,117.63,117.63,114.2,114.2,12538
05/04/2023,112.51,113.1,110,110.56,9031
05/05/2023,112.49,117.5,112.42,113.7,11272
05/08/2023,114.33,114.835,111.79,112.2,7522
05/09/2023,112.5,112.5,109.34,109.34,11433
05/10/2023,110.565,110.6,109.45,109.79,11794
05/11/2023,107.81,108.49,105.22,105.22,20567
05/12/2023,106.48,106.48,102.065,102.99,15371
05/15/2023,102.48,104.2593,102.4,102.92,7139
05/16/2023,101.78,102.15,101.63,101.63,5266
05/17/2023,102,104,102,102.53,26466
05/18/2023,102.26,103.81,102.06,103.81,13213
05/19/2023,104.72,105.55,102.615,103.7,22523
05/22/2023,104,106.38,103.99,106.38,7703
05/23/2023,106.35,107.5,101.12,102.99,27838
05/24/2023,102.7025,103.45,102.5,102.74,25780
05/25/2023,102.5094,102.7,101.95,102.62,16264
05/26/2023,103.5732,103.5732,101.87,101.87,3943
05/30/2023,101.95,102.93,101.675,102.93,12757
05/31/2023,101.95,105.39,101.9,104.17,17398
06/01/2023,103.69,107.92,103.69,106.89,17389
06/02/2023,106.9,108.3978,106.9,107.41,31888
06/05/2023,107.08,107.5,106.46,106.79,14642
06/06/2023,106.99,108.965,106.99,108.04,31118
06/07/2023,110.39,112,110.39,111.58,43102
06/08/2023,111,112.85,111,112.43,13186
06/09/2023,113.59,113.59,110.92,111.68,17985
06/12/2023,111.2,111.21,110.84,110.84,8722
06/13/2023,114.5,114.5,110.87,110.87,20101
06/14/2023,110.99,110.99,107.62,107.73,23478
06/15/2023,110.01,110.4,109.31,109.74,32270
06/16/2023,110.83,110.83,106.67,107,26222
06/20/2023,106.07,108.32,106.07,106.52,17311
06/21/2023,107,107.4,104.9,105.4,15264
06/22/2023,106.19,106.19,104.14,104.3,19468
06/23/2023,102.54,105.49,102.54,104.5,49743
06/26/2023,105.3,107.0999,103.74,103.9,19184
06/27/2023,104.85,105.435,103.6,103.91,39115
06/28/2023,103.59,104.38,102.795,103.58,23469
06/29/2023,103.52,105.51,103.52,103.79,60354
06/30/2023,104.32,105,103.44,103.78,16844
07/03/2023,103.78,103.78,102.21,102.66,8767
07/05/2023,100.51,101.5,96.67,96.88,17377
07/06/2023,96.06,97.12,95.01,96.41,22640
07/07/2023,97.92,99.82,95.9,96.21,15905
07/10/2023,96.64,97.451,95.07,97.04,8771
07/11/2023,97.75,97.75,96.25,96.5,8393
07/12/2023,95.97,96.5,95.89,95.89,6744
07/13/2023,96.7,97.3,95.4033,96.88,8558
07/14/2023,96.5,98.04,96.4761,98.02,11238
07/17/2023,98.04,99.7,97.15,98.8,55475
07/18/2023,97.96,100.5,96.82,98,28724
07/19/2023,98.39,99.48,98.08,98.32,17324
07/20/2023,95.13,97.485,91.81,91.81,29280
07/21/2023,92.53,92.59,90.01,90.68,9237
07/24/2023,90.46,91.66,89.59,89.91,11577
07/25/2023,90.48,91.24,88.99,89.02,15773
07/26/2023,90.975,91.73,89.4,89.97,20428
07/27/2023,90.63,91.31,89,91.31,18117
07/28/2023,91.47,91.99,86.55,86.63,21774
07/31/2023,86.89,90.52,86.45,89.52,16950
08/01/2023,89.03,89.16,87,87.34,9004
08/02/2023,87,88.3,86.01,88.3,22940
08/03/2023,87.88,88.67,87.88,88.54,6154
08/04/2023,88,88.6,86.06,86.42,4176
08/07/2023,86.34,89.37,85.7,89.21,13814
08/08/2023,87.51,89.5,87.51,89.5,8347
08/09/2023,89.7,90.01,87.23,87.66,11325
08/10/2023,87.11,87.66,85.64,85.64,19598
08/11/2023,85.58,85.93,83.48,84.39,7866
08/14/2023,84.31,84.31,83.5,83.5,5364
08/15/2023,82.83,84.04,82.28,82.69,11824
08/16/2023,82.51,85.095,82.51,83.06,7980
08/17/2023,83.5,83.5,80.38,80.81,7420
08/18/2023,80.2,81.97,80.2,81.89,10162
08/21/2023,82.09,84.0425,79.385,81.01,12146
08/22/2023,81.21,81.5,81,81.25,8782
08/23/2023,81.02,82.47,81.02,82.01,7172
08/24/2023,81.6,82.02,80.17,80.7,9669
08/25/2023,79.9,80.675,79.1829,80,5441
08/28/2023,81.03,82.49,81.03,82.49,8971
08/29/2023,82.01,83.5,81.77,82.27,11145
08/30/2023,81.315,83.275,81.315,82.25,14541
08/31/2023,84.59,85.63,83.36,83.7,13999
09/01/2023,85.16,85.19,82.9,83.06,9870
09/05/2023,83.4,84.84,81.2,84.14,19625
09/06/2023,84.5,84.6,81.09,83.85,26764
09/07/2023,83.26,83.98,80.38,80.38,15379
09/08/2023,82.7,82.7,80.915,81.39,12817
09/11/2023,82.41,83.49,81.28,81.3,20321
09/12/2023,81.91,83.495,81.3784,82.14,14479
09/13/2023,81.9,82.66,81.84,82.13,12679
09/14/2023,82.7,83.74,81.3,81.53,13857
09/15/2023,81.8,83.63,80.42,82.84,70355
09/18/2023,82.8,82.95,81.03,81.03,17588
09/19/2023,81.32,81.6,79.68,79.74,8765
09/20/2023,81.375,83.37,79.615,80.28,16784
09/21/2023,80.29,80.82,79.38,80.1,17254
09/22/2023,79.87,87.86,79.39,79.53,9716
09/25/2023,79.55,79.55,77.995,78.25,8273
09/26/2023,77.8,77.8,76.74,76.8,13158
09/27/2023,77.7,78.585,76.82,77.38,9499
09/28/2023,77.66,79.27,77.575,78.76,16742
09/29/2023,80.13,80.13,78.16,78.73,23753
10/02/2023,79.06,79.06,78.236,78.72,9913
10/03/2023,78.64,80.15,77.46,78.18,10081
10/04/2023,77.83,79.4792,77.83,78.52,8986
10/05/2023,78.05,79.45,78,78.12,10513
10/06/2023,77.5,78.76,77.5,78.57,6253
10/09/2023,79.56,80.3499,78,78.69,4878
10/10/2023,81.67,81.67,78.1,78.53,9251
10/11/2023,78.48,78.48,78.1,78.1,4826
10/12/2023,78.15,79.23,78.15,79.23,6903
10/13/2023,78.29,78.29,76.375,76.5,7221
10/16/2023,76.7514,78.68,76.7514,78.47,6660
10/17/2023,78.5,80.2014,77.71,77.71,10981
10/18/2023,77.4006,78.1,75.05,75.05,15231
10/19/2023,74.06,76.21,74.06,75.09,8912
10/20/2023,75.9,75.9,74.25,74.25,7825
10/23/2023,74.19,75.54,73.1,74.32,12134
10/24/2023,74.135,74.1459,73.5,73.5,8195
10/25/2023,73.04,73.57,72.39,72.51,7969
10/26/2023,74.5499,74.5499,71.33,72.83,8118
10/27/2023,72.36,72.36,71,71.01,10472
10/30/2023,71.8,73.69,71.8,73.69,8488
10/31/2023,74.78,76.185,72.1,73.07,16378
11/01/2023,72.5,72.5,72.11,72.27,4461
11/02/2023,72.5752,74.62,72.5752,73.23,6487
11/03/2023,75,75.18,73.25,73.42,10136
11/06/2023,73.27,73.7,72.29,73.18,16039
11/07/2023,73.5,73.5,69.18,69.18,15040
11/08/2023,66.72,66.88,64.71,66.73,16811
11/09/2023,67.71,67.71,64.7586,65.24,7865
11/10/2023,64.3,66.03,64.3,64.93,6035
11/13/2023,63.43,65.54,63.43,64.42,6399
11/14/2023,67.57,69.1499,66.89,68.75,10899
11/15/2023,70.1,71.2,69.51,69.51,8896
11/16/2023,69.19,69.4777,68.41,69.25,6961
11/17/2023,69.76,73.04,69.76,70.76,8666
11/20/2023,71.46,71.46,67.965,68.62,7290
11/21/2023,66.61,69.5071,66.61,67.12,6116
11/22/2023,67.13,68.74,67.13,68.74,2896
11/24/2023,70.7,71.31,70.48,70.48,3030
11/27/2023,70.76,70.965,69.12,69.22,10028
11/28/2023,64.09,68.65,64.09,68,14750
11/29/2023,68.48,70.21,68.31,70.21,14186
11/30/2023,70.65,72.8,68.76,70.52,14121
12/01/2023,71.77,73.99,71.135,72.83,13254
12/04/2023,73.45,76.36,73.01,76.27,13890
12/05/2023,76.255,78,75.715,77.15,17314
12/06/2023,77.1621,77.165,74.16,74.24,9040
12/07/2023,72.75,78.115,72.75,78,11171
12/08/2023,78.12,81.1875,75.835,77.71,13463
12/11/2023,77.67,81.61,77.67,81.2,14954
12/12/2023,79.82,81,78.41,78.41,14729
12/13/2023,77.46,79.6,76.745,78.08,29884
12/14/2023,79,84.53,79,84.53,13071
12/15/2023,84.92,85.86,82.0901,85.86,40041
12/18/2023,85.92,85.92,80.01,82,7567
12/19/2023,82,82.4,80.785,81.14,9462
12/20/2023,78.57,81.23,78.57,79.99,13092
12/21/2023,79.46,80.29,77.75,79.67,9680
12/22/2023,80.75,80.83,75.6001,80.52,13415
12/26/2023,79.97,80.13,77.07,79.89,10176
12/27/2023,80.55,80.55,78.62,78.62,9175
12/28/2023,79.735,80.13,78.065,78.5,8705
12/29/2023,78.14,78.14,70.49,70.51,29322
01/02/2024,70.4,73.15,70.29,71.18,15485
01/03/2024,70.81,70.96,68.485,69.14,11461
01/04/2024,70.04,71.12,69.17,70.3,10067
01/05/2024,70,72.0599,68.81,71.07,12378
01/08/2024,71.01,71.7199,70,70.34,15207
01/09/2024,69.42,72.425,69.42,71.21,13949
01/10/2024,70.74,70.74,69.1964,70.1,8327
01/11/2024,69.0506,70.969,68.07,70.46,12791
01/12/2024,71.99,75.2699,70.97,72.74,24937
01/16/2024,72.93,73.89,71.56,71.56,14615
01/17/2024,72.37,73,70.42,71.31,37816
01/18/2024,71.5,71.7,70.4001,70.64,15740
01/19/2024,70.79,73.94,69.1,73.94,21718
01/22/2024,75.23,76.5,73.9,75.14,15508
01/23/2024,74.02,74.67,71.11,71.11,6739
01/24/2024,71.98,71.98,69.27,70.71,8468
01/25/2024,71.85,73.74,69.228,71.34,8872
01/26/2024,72.59,72.59,71.13,71.24,4523
01/29/2024,72,74.92,71.61,72.7,19957
01/30/2024,72.865,73.48,71.7293,71.77,13242
01/31/2024,72.37,72.57,69.76,69.76,8836
02/01/2024,70.17,70.87,70,70.87,11640
02/02/2024,69.5263,70.9464,69.24,69.24,3240
02/05/2024,69.96,70.15,68,68,10199
02/06/2024,68.11,70.7556,68.11,70.75,8872
02/07/2024,70.71,72.34,70.3601,70.61,8537
02/08/2024,69.98,69.98,69.44,69.44,3163
02/09/2024,70.52,71.24,69.65,70.74,7276
02/12/2024,72.24,73.59,70.5751,72.19,6130
02/13/2024,69.59,69.59,67.85,67.85,12851
02/14/2024,69.3,71.39,69.3,71.39,5841
02/15/2024,71.3519,75.28,71.3519,74.61,5602
02/16/2024,74.66,75.0232,72.24,72.24,6130
02/20/2024,70.4879,73.09,70.4879,73.09,4417
02/21/2024,73.125,73.69,72.34,72.34,4844
02/22/2024,72.2,74.45,71.92,71.92,3505
02/23/2024,72.42,73.87,72,72.6,3377
02/26/2024,72.67,72.79,71.27,72.18,3622
02/27/2024,71.52,71.52,71.33,71.33,2449
02/28/2024,70.95,71.161,70.2,70.59,5357
02/29/2024,72.79,72.79,69.6,69.65,11206
03/01/2024,69.51,70.77,69.41,69.41,9333
03/04/2024,69.79,70.89,69.7815,70.76,3022
03/05/2024,69.835,69.85,67.78,68.07,6238
03/06/2024,69.43,69.43,69.43,69.43,2182
03/07/2024,69.19,70.55,68.84,68.84,2771
03/08/2024,69.77,70.36,69.62,69.91,4696
03/11/2024,69.765,70.26,69.67,70,6711
03/12/2024,69.57,71.2,69.4,70.03,8275
03/13/2024,71.88,73.65,71.88,73.55,5135
03/14/2024,72.83,72.83,69.53,70.87,10173
03/15/2024,70.25,73.195,70.25,72.76,19200
03/18/2024,72.33,73.37,71.3317,71.94,12687
03/19/2024,72.665,72.88,71.19,71.19,5097
03/20/2024,70.22,72.69,70.22,72,8791
03/21/2024,74.59,74.59,71.09,71.09,11808
03/22/2024,70.8,70.81,69.78,69.78,5551
03/25/2024,70.24,70.515,69.2705,70.19,4636
03/26/2024,70.39,70.43,69.56,69.56,3805
03/27/2024,70,70.7999,69.62,69.62,9340
03/28/2024,70.47,71.785,70.47,70.93,9930
04/01/2024,70.45,72.95,68.7701,72.1,9738
04/02/2024,72.1,72.53,68.79,68.79,12940
04/03/2024,68.14,70.95,68.11,70.02,12885
04/04/2024,71.13,71.13,70.18,70.91,7643
04/05/2024,70.22,70.22,70.15,70.15,3374
04/08/2024,69.3701,69.51,69.3701,69.51,5181
04/09/2024,70.5,71.62,69.905,70.79,8633
04/10/2024,75.145,75.145,68.75,70.04,9549
04/11/2024,69.78,70,68.18,69.18,7150
04/12/2024,69.185,69.9999,68.55,68.55,4871
04/15/2024,68.2,68.35,67.86,68.35,5926
04/16/2024,69.45,69.7,69.4,69.67,5102
04/17/2024,69,69,67.04,67.04,9945
04/18/2024,67.78,67.78,66.24,66.85,10375
04/19/2024,66.07,67.565,66.07,67,15322
04/22/2024,67.82,68,66.92,66.92,6058
04/23/2024,66.76,67.9,66.76,67.5,7982
04/24/2024,66.7,67.62,66.5,67.5,7646
04/25/2024,66.812,67.59,66.812,67.59,5024
04/26/2024,67.82,67.82,66.23,66.85,7897
04/29/2024,67.3,67.48,66.52,67.48,9004
04/30/2024,66.96,67.94,66.2,66.26,8452
05/01/2024,66.31,67.08,66.2,67.08,12755
05/02/2024,65.6,67.07,64.6778,66.81,11353
05/03/2024,66.38,68.5,66.38,66.99,5935
05/06/2024,66.67,67.97,66.67,66.93,10759
05/07/2024,66.56,67.47,66.24,67,9150
05/08/2024,66.75,66.98,66.75,66.96,5997
05/09/2024,67.485,67.485,66.77,67,8963
05/10/2024,67.2299,67.2299,66.72,67,3878
05/13/2024,66.93,66.93,65.89,66.13,7130
05/14/2024,66.57,67.165,66.57,67.12,8151
05/15/2024,67.315,67.315,66.76,66.96,7241
05/16/2024,66.5,67.14,66.5,67.14,7561
05/17/2024,67.24,67.415,65.98,66.09,9518
05/20/2024,65.98,67.5575,65.75,67.17,15367
05/21/2024,67.075,67.075,66.5,66.985,9188
05/22/2024,67.13,67.13,66.53,66.72,6972
05/23/2024,66.61,66.61,64.9,64.9,6767
05/24/2024,64.9,66.5273,64.9,64.91,9628
05/28/2024,65,65,58.54,58.76,27954
05/29/2024,58.24,59.02,58.17,58.36,16213
05/30/2024,58.36,61.095,58.015,59.78,43803
05/31/2024,58.86,59.85,58.805,59.21,51957
06/03/2024,60.07,61.68,58.57,61.62,45079
06/04/2024,61.3,61.875,60.31,61.62,31484
06/05/2024,61.63,61.63,60.44,60.44,16032
06/06/2024,59.8,61.745,59.1308,61.16,34219
06/07/2024,61.01,61.3,60.53,60.93,13246
06/10/2024,60.93,61.62,60.92,61.62,12908
06/11/2024,60.81,60.86,58.41,59.09,53188
06/12/2024,60.69,60.7757,58.9,59.27,51770
06/13/2024,58.91,59.02,58.1,58.74,28460
06/14/2024,58.18,58.89,56.025,57.21,19091
06/17/2024,56.34,56.97,56.34,56.67,11393
06/18/2024,55,55.74,53.5,53.97,68893
06/20/2024,53.93,55.68,53.71,54.24,102284
06/21/2024,54.04,54.8,53.13,53.5,324236
06/24/2024,53.52,54.09,52.44,52.7,56311
06/25/2024,52.83,52.8512,51.28,51.41,78711
06/26/2024,51.31,51.31,49.98,50,90465
06/27/2024,50.4305,50.4305,49.93,50.37,134352
06/28/2024,50.81,51.665,50.465,51.28,78351
07/01/2024,51.62,51.62,50.41,51.01,26915
07/02/2024,50.83,51.55,50.335,50.85,111237
07/03/2024,50.54,51.65,50.51,50.71,31683
07/05/2024,50.43,51.76,50.055,51.43,83165
07/08/2024,51.43,51.89,50.92,51.02,51488
07/09/2024,50.72,50.72,48.795,48.84,26166
07/10/2024,48.54,49.13,47.79,48.4,22539
07/11/2024,48.64,51.74,48.64,51.65,28487
07/12/2024,51.87,52.58,51.45,52.16,23362
07/15/2024,52.5,52.88,52.18,52.18,20797
07/16/2024,52.2,53.74,52.2,53.32,23780
07/17/2024,52.45,54.73,52.45,53.28,23747
07/18/2024,52.74,53.78,51.93,51.94,11410
07/19/2024,51.83,51.93,50.97,51.64,19018
07/22/2024,51.0055,53.25,51.0055,53.05,34577
07/23/2024,52.88,53.25,52.68,52.98,14092
07/24/2024,52.67,53.045,51.55,51.66,14811
07/25/2024,52.12,52.97,51.87,51.95,23300
07/26/2024,52.14,53.205,51.955,53.17,24223
07/29/2024,52.83,53.48,52.75,53.48,16476
07/30/2024,53.27,53.59,52.185,52.61,13138
07/31/2024,53.27,54.34,52.06,52.58,21647
08/01/2024,52.9,52.9,49.79,49.9,14806
08/02/2024,48.55,49.335,47.56,48.4,24978
08/05/2024,46.79,47.2,45.78,46.26,15225
08/06/2024,46.27,47.38,46.04,46.61,26724
08/07/2024,47.35,47.35,45.62,45.81,14378
08/08/2024,46.45,46.93,45.87,46.35,23079
08/09/2024,46.3775,46.3775,43.86,45.62,24184
08/12/2024,45.34,45.4839,44.421,44.99,23337
08/13/2024,45.72,46.32,45.1,46.1,30174
08/14/2024,46.0092,46.7,44.73,45.4,25088
08/15/2024,46.35,47.55,46.21,46.92,12005
08/16/2024,46.94,47.5,46.04,47.48,33818
08/19/2024,47.24,48.05,46.2468,46.68,21998
08/20/2024,46.27,46.7499,45.67,46.09,11246
08/21/2024,45.98,46.79,45.98,46.51,10984
08/22/2024,46.41,46.91,45.71,45.92,17531
08/23/2024,46.58,49.01,45.89,47.38,16320
08/26/2024,47.24,48.1,47.24,47.9,17450
08/27/2024,47.62,47.62,46.425,46.72,15069
08/28/2024,46.6,47.0768,45.59,46.36,10816
08/29/2024,45.7252,47.285,45.7252,46.5,15182
08/30/2024,46.32,47.2,46.0701,47.2,11984
09/03/2024,47.76,47.77,44.315,44.64,26130
09/04/2024,44.5,46.26,44.5,46.26,155849
09/05/2024,46.45,46.45,45.3,45.91,52013
09/06/2024,46.275,48.04,45.3,46.58,25607
09/09/2024,44.94,47.79,44.94,46.88,22660
09/10/2024,46.75,48.1744,45.85,47.76,42209
09/11/2024,47,48.66,46.655,48.65,38181
09/12/2024,48.3,49.47,48.13,49.29,20077
09/13/2024,50.01,51.5799,50.01,50.23,17824
09/16/2024,50.7,51.4071,50.38,50.95,32768
09/17/2024,51.73,52.4099,50.72,51.28,29638
09/18/2024,51.5,52.75,50.8677,50.91,29595
09/19/2024,51.97,52.5,51.215,52.14,14609
09/20/2024,52,52,50.72,50.72,32445
09/23/2024,50.72,51.08,50.45,50.53,10241
09/24/2024,51.14,51.321,50.56,50.92,24136
09/25/2024,50.415,51.21,50.01,50.01,34135
09/26/2024,50.87,50.97,50.5291,50.97,12676
09/27/2024,51.92,52.53,50.8892,51.3,16667
09/30/2024,50.81,51,49.33,49.92,13522
10/01/2024,49.76,50.08,48.91,49.12,15614
10/02/2024,49.25,49.38,48.93,48.99,12330
10/03/2024,48.3,48.51,47.59,48.24,12289
10/04/2024,48.86,49.2877,48.58,49,14626
10/07/2024,49.1495,49.15,48.29,49.02,11561
10/08/2024,49,49,48.0244,48.11,11029
10/09/2024,48.27,49.01,48.12,48.12,9966
10/10/2024,47.7,48.44,46.81,47.99,22096
10/11/2024,48.03,49.74,47.995,49.65,11584
10/14/2024,48.665,49.43,48.665,49.17,11166
10/15/2024,48.65,50.11,48.65,48.73,18490
10/16/2024,49.435,50.5,49.27,49.88,15594
10/17/2024,49.6208,50.62,49.6208,50.62,20455
10/18/2024,50.89,51,50.36,50.36,10281
10/21/2024,50.1,50.1,49.57,49.57,12813
10/22/2024,49.23,49.5753,48.9,49.09,17721
10/23/2024,48.19,48.94,47.79,48.94,12296
10/24/2024,49.55,49.95,49.06,49.77,15024
10/25/2024,49.87,50.095,48.56,48.56,9672
10/28/2024,48.67,50.61,48.67,49.92,13358
10/29/2024,49.7021,50.01,48.66,49.77,21277
10/30/2024,49.16,51.095,48.8918,50.43,23336
10/31/2024,49.87,53.14,49.865,51.12,20817
11/01/2024,51.15,51.75,50.34,50.65,21691
11/04/2024,51.06,51.7213,50.92,51.35,9443
11/05/2024,51.9,52.51,50.59,52.29,27344
11/06/2024,54.91,57.81,54.55,56.53,28652
11/07/2024,55.37,56.995,55.24,55.24,17151
11/08/2024,55.77,55.91,53.815,54.25,9701
11/11/2024,54.39,55.8,54.185,54.93,26748
11/12/2024,53.9393,53.97,53.04,53.34,12167
11/13/2024,54.31,54.7999,53.25,53.25,10992
11/14/2024,53.295,53.295,52.16,53.18,10876
11/15/2024,53.5,53.5,51.97,52.28,11584
11/18/2024,52.85,52.85,51.0527,51.09,12690
11/19/2024,51.01,51.4599,49.8378,50.425,11729
11/20/2024,50,50.015,48.72,49.37,9178
11/21/2024,49.555,50,48.61,48.74,17516
11/22/2024,50.4,50.795,49.196,50.46,19125
11/25/2024,51.55,52.0518,50.23,50.23,15180
11/26/2024,49.63,50,48.7,49.5,11349
11/27/2024,49.48,50.3,48.797,49.24,9515
11/29/2024,49.1,49.78,48.4903,49.42,12309
12/02/2024,49.85,50.95,49.2,50.16,14100
12/03/2024,49.78,49.78,48.465,48.8,10842
12/04/2024,49.35,49.35,47.9401,48.7,14751
12/05/2024,48.11,48.2999,47.59,47.64,14361
12/06/2024,47.9572,48.58,47.28,47.28,10535
12/09/2024,46.68,48.34,46.68,47.84,14633
12/10/2024,47,47.95,46.7,46.7,16195
12/11/2024,47.3,47.3,45.92,46.25,35026
12/12/2024,46.47,46.865,45.3139,46.43,17188
12/13/2024,45.61,45.61,44.788,45.28,15784
12/16/2024,46.2043,46.2956,44.99,45.22,14838
12/17/2024,44.77,45.37,43.66,44.04,18071
12/18/2024,43.87,44.71,42.37,42.46,27131
12/19/2024,42,42.12,40.488,40.99,26677
12/20/2024,40.38,42.69,40.3797,42.69,55871
12/23/2024,42.65,42.65,41.6148,42.07,25302
12/24/2024,41.86,42.6,41.86,42.6,9593
12/26/2024,41.57,43.1699,41.57,42.81,15464
12/27/2024,42.87,42.87,41.03,41.5,18288
12/30/2024,41.07,42.7838,41.07,42.25,21179
12/31/2024,42.5234,42.5234,41.3247,41.97,10560
01/02/2025,42.18,42.18,40.79,41,17436
01/03/2025,40.81,41.675,40.47,41.3,18778
01/06/2025,41.83,42.94,41.75,41.9,17745
01/07/2025,42.355,42.355,40.785,40.785,13246
01/08/2025,40.445,40.445,38.29,38.55,52105
01/10/2025,38.45,38.74,37.2701,38.17,22882
01/13/2025,37.88,40.44,37.88,40.07,31224
01/14/2025,40.4,41.47,39.83,41.24,20134
01/15/2025,42.29,42.3,40.52,40.57,15594
01/16/2025,40.66,41.0627,40.16,40.77,9753
01/17/2025,41.25,41.25,40.495,40.77,7687
01/21/2025,41,42.9,41,41.64,17809
01/22/2025,41.07,41.2435,39.91,40,16485
01/23/2025,40,41.1,39.7,41.1,22439
01/24/2025,41.02,41.6,40.86,41.6,9716
01/27/2025,41.59,42.746,41.052,41.97,18785
01/28/2025,41.925,43.18,41.76,41.76,13842
01/29/2025,42.08,42.08,40.51,40.53,11016
01/30/2025,40.64,41.3,39.93,39.93,15245
01/31/2025,39.66,39.66,38.71,39.36,12950
02/03/2025,38.47,40.62,37.25,38.45,25302
02/04/2025,38.8,38.86,38.17,38.54,8672
02/05/2025,38.28,38.61,38.01,38.61,11579
02/06/2025,38.3068,38.5,38.25,38.35,9273
02/07/2025,38.32,38.51,37.375,37.93,11995
02/10/2025,37.6,38.9699,37.6,38.52,12873
02/11/2025,38.81,39.1,38.44,39.1,10928
02/12/2025,38.85,38.9,37.89,38.26,14067
02/13/2025,38.1227,39.52,38.07,38.47,15406
02/14/2025,39.05,39.05,37.76,37.92,9266
02/18/2025,37.88,38.99,37.88,38.62,13713
02/19/2025,37.97,38.22,37.3,37.82,10978
02/20/2025,37.53,37.765,37.1,37.14,10333
02/21/2025,37.48,37.48,35.43,36.25,64285
02/24/2025,36.78,38.08,36.3333,36.53,18653
02/25/2025,36.45,36.52,35.02,35.39,22206
02/26/2025,35.74,35.96,34.585,35.63,19706
02/27/2025,35.72,36,35.225,35.78,19134
02/28/2025,35.405,35.74,34.39,35.61,73609
03/03/2025,36,36.33,35.54,36.23,23532
03/04/2025,35.62,36.95,35.55,35.91,24026
03/05/2025,36.01,36.67,35.24,36.35,23613
03/06/2025,35.805,37.08,35.65,37.08,29547
03/07/2025,36.8,38.7316,36.8,38.68,15645
03/10/2025,38.6,40.6,38.6,38.88,17805
03/11/2025,39.34,40.09,38.934,40,21083
03/12/2025,40,40.37,39.35,40.05,15834
03/13/2025,40.6,40.6,40,40,17162
03/14/2025,40.01,41.01,39.76,40.77,18173
03/17/2025,40.94,42.08,40.94,41.01,11847
03/18/2025,41,41.235,40.4514,41.04,28211
03/19/2025,40.79,41,39.5,39.67,46938
03/20/2025,39.26,39.98,37.62,37.82,48620
03/21/2025,37.36,38.98,37.36,38.96,46992
03/24/2025,39.29,39.64,37.73,38.17,54872
03/25/2025,38.17,39.3,36.85,36.94,50092
03/26/2025,37,37.6277,36.2951,36.83,16046
03/27/2025,36.83,36.83,35.2037,35.98,21392
03/28/2025,36.01,36.01,35.01,35.36,14720
03/31/2025,34.74,35.59,34.585,34.78,37955
04/01/2025,34.505,35.15,34.505,34.98,12988
04/02/2025,35.375,35.375,34.51,35,14950
04/03/2025,34.02,34.02,32.37,32.49,22630
04/04/2025,31.97,33.72,31.13,32.98,61571
04/07/2025,32.39,33.495,31,32.19,45356
04/08/2025,32.8,33.745,31.09,31.11,24392
04/09/2025,31,32.89,30.2153,32.065,53091
04/10/2025,31.24,31.3321,30.3753,30.65,28035
04/11/2025,31.1614,31.19,29.722,30.47,23045
04/14/2025,30.98,30.98,29.47,30.22,23791
04/15/2025,30.3,30.5192,30.01,30.43,17703
04/16/2025,31.13,31.14,29.68,30,31640
04/17/2025,29.91,30.23,29.04,29.2,19703
04/21/2025,28.87,29.1438,28.12,29,43011
04/22/2025,29.25,31.5,28.96,31.49,30155
04/23/2025,31.69,31.69,30.05,30.48,36027
04/24/2025,30.53,31.46,30.06,31.45,11285
04/25/2025,31.1,31.42,30.37,31.04,11287
04/28/2025,30.845,31.25,30.58,30.97,17345
04/29/2025,30.42,30.755,30.22,30.57,13131
04/30/2025,30,30.745,28.95,29.96,13156
05/01/2025,30.65,30.65,29.0002,29.31,36305
05/02/2025,29.72,31.36,29.72,31.24,25355
05/05/2025,31.18,31.18,30,30.22,14399
05/06/2025,29.72,30.765,29.72,30.34,12912
05/07/2025,30.66,30.92,30.26,30.37,12205
05/08/2025,30.9,31.38,30.12,30.83,19462
05/09/2025,30.77,31.0799,30.055,30.83,8076
05/12/2025,31.7,33.02,31.04,33,32724
05/13/2025,32.33,34.17,32.33,34.17,14977
05/14/2025,33.615,34.78,33.615,34.7,32575
05/15/2025,34.915,36.48,34.25,34.65,15600
05/16/2025,34.82,35.42,34.61,34.96,12148
05/19/2025,34.99,35.25,34.61,35.12,15668
05/20/2025,34.53,34.735,33.56,34.05,10540
05/21/2025,34.075,34.075,32.365,32.83,10971
05/22/2025,32.46,33.37,32.19,32.29,14726
05/23/2025,31.73,32.3599,31.2,32.02,17292
05/27/2025,32.406,34.14,32.406,33.46,16877
05/28/2025,33.37,33.76,32.7135,33.11,17194
05/29/2025,34.05,34.05,32.58,32.93,10824
05/30/2025,33.3388,33.3388,31.8368,32.72,13770
06/02/2025,31.96,33.16,31.7,31.78,40639
06/03/2025,32.6,33.075,31.84,32.15,85736
06/04/2025,32.16,32.635,31.91,32.21,17029
06/05/2025,32.235,32.235,31.3,31.485,18172
06/06/2025,32.02,32.63,31.405,31.81,34418
06/09/2025,31.72,33.53,31.69,31.87,29666
06/10/2025,34.67,34.67,31.64,32.05,19979
06/11/2025,32.15,33.32,31.65,32.15,67494
06/12/2025,31.71,32.23,31.5,31.77,83191
06/13/2025,31.5,31.63,30.795,31.32,134723
06/16/2025,31.6,34.21,31.32,34.21,106578
06/17/2025,33.75,34.35,32.605,32.77,51689
06/18/2025,32.89,33.59,32,32.37,53510
06/20/2025,32.71,33.17,32.0901,32.32,89718
06/23/2025,32.13,33.715,32,33.47,57960
06/24/2025,33.83,34.73,33.42,33.8,58442
06/25/2025,33.605,34.03,32.4776,33.26,80580
06/26/2025,33.72,34.815,33.05,34.6,61125
06/27/2025,34.45,35.0199,34.05,34.38,95654
06/30/2025,33.98,34,32.22,32.38,102119
07/01/2025,32.49,35.82,32.42,34.895,85797
07/02/2025,34.92,36.01,34.66,35.9,136127
07/03/2025,36.45,37.205,32.81,36.37,89754
07/07/2025,35.7,36.27,34.1,34.34,73141
07/08/2025,34.6,36.6049,34.6,35.86,82493
07/09/2025,36.4,36.46,34.8288,35.57,138071
07/10/2025,35.15,37.2195,35.15,36.35,109761
07/11/2025,35.74,36.25,34.43,34.81,63756
07/14/2025,34.57,35.4,33.56,34.34,100500
07/15/2025,34.73,35.15,33.12,33.26,84978
07/16/2025,33.3,34.98,32.66,33.35,37491
07/17/2025,34.15,34.15,33.1,33.435,30111
07/18/2025,33.63,34.32,32.8,33.24,32849
07/21/2025,33.47,33.7,33.11,33.11,15236
07/22/2025,33.1,34.72,33.1,34.66,25293
07/23/2025,34.66,35.43,34.3441,35.4,20537
07/24/2025,34.72,35.25,33.101,34.16,13746
07/25/2025,34.9,34.9,33.56,34.46,20627
07/28/2025,35,35,33.16,33.7,22704
07/29/2025,34.3,34.43,32.58,33.32,24842
07/30/2025,33.08,33.7,32.0195,32.21,20920
07/31/2025,32.49,32.96,30.39,31.9,41603
08/01/2025,31.14,32.36,30.54,31.19,46710
08/04/2025,31.955,32.51,31.335,32.07,70364
08/05/2025,29.95,32.67,29.95,32.36,33376
08/06/2025,32.09,32.64,31.84,32.24,21685
08/07/2025,32.16,32.9629,30.8301,32.11,23675
08/08/2025,31.946,33.9157,31.7901,32.48,16314
08/11/2025,31.915,32.6984,31.4451,32.38,16206
08/12/2025,33,34.07,32.975,33.73,16357
08/13/2025,33.7,34.44,33.17,34.19,21183
08/14/2025,33.32,33.39,32.75,33,12232
08/15/2025,33.35,33.35,32.64,32.87,14165
08/18/2025,32.8125,33.3,32.8125,32.99,11753
08/19/2025,33.345,33.9399,33.22,33.83,15005
08/20/2025,33.88,34.06,33.18,33.51,19724
08/21/2025,33.45,33.55,32.92,33.35,17173
08/22/2025,33.84,37.5,33.84,36.3,36669
08/25/2025,36.45,36.45,35.255,35.26,13103
08/26/2025,35.67,36.25,35.2993,35.65,30898
08/27/2025,35.35,36.21,34.25,35.22,28502
08/28/2025,35.395,35.69,35.3,35.44,8487
08/29/2025,35.51,35.85,35.17,35.3,19675
09/02/2025,34.125,35.15,33.9978,34.73,10941
09/03/2025,34.3,35.735,33.72,34.51,22795
09/04/2025,36.44,36.44,34.65,35.29,13971
09/05/2025,35.7,35.7,34.96,35.01,18781
09/08/2025,34.85,35.105,34.5001,34.76,16982
09/09/2025,34.46,34.8,34.05,34.1,15891
09/10/2025,34.145,35.2591,33.3196,33.79,10961
09/11/2025,33.56,35.09,33.56,34.35,19132
09/12/2025,34.41,34.96,33.56,33.735,18339
09/15/2025,34.25,35.01,34.1215,34.31,19554
09/16/2025,33.3,34.42,33.3,34.34,10533
09/17/2025,34.765,35.93,33.94,34.7,22171
09/18/2025,34.58,35.41,34.3901,35.09,37089
09/19/2025,35.07,35.07,33.41,33.8,46497
09/22/2025,33.035,34.24,33.035,34.24,20994
09/23/2025,34.32,34.655,33.51,33.75,17844
09/24/2025,33.58,34.0462,33.25,33.34,14282
09/25/2025,32.62,32.945,31.87,31.87,11079
09/26/2025,31.84,32.31,31.44,31.59,21947
09/29/2025,31.66,31.67,30.83,31.19,18308
09/30/2025,31.35,32.045,30.3776,31.185,23451
10/01/2025,31,31.315,30.69,30.86,16938
10/02/2025,30.605,30.63,30.24,30.31,13212
10/03/2025,30.7525,31.21,30.32,30.8,19741
10/06/2025,30.885,31.1,30.36,30.85,25014
10/07/2025,31.045,31.455,29.65,29.8,39318
10/08/2025,29.91,30.8495,29.85,30.01,22408
10/09/2025,30.01,31.65,29.44,29.5,23518
10/10/2025,29.72,30.075,28.44,28.78,25929
10/13/2025,29.21,29.42,28.6,29.02,25661
10/14/2025,29.505,29.74,28.57,29.54,47626
10/15/2025,30.285,30.285,29.44,29.54,21025
10/16/2025,29.4661,30.055,29.03,29.03,23447
10/17/2025,28.99,29.5,28.72,29.15,28394
10/20/2025,29.06,29.5786,28.73,28.84,17901
10/21/2025,28.82,29.5735,28.82,29.35,19951
10/22/2025,29.45,29.495,28.89,29.01,18921
10/23/2025,29,29.34,28.755,29.17,35854
10/24/2025,29.2512,29.48,28.8767,29.07,20604
10/27/2025,29.15,29.645,29.07,29.37,28876
10/28/2025,29.37,29.48,28.55,28.55,14435
10/29/2025,28.86,29.0605,27.7001,27.92,27846
10/30/2025,27.61,27.91,27.28,27.49,38704
10/31/2025,27.54,28.333057,26.83,27.65,46698
11/03/2025,28.275,28.275,27.05,27.25,32596
11/04/2025,27.29,27.55,26.49,27.05,54705
11/05/2025,27.02,27.385,26.78,26.98,31135
11/06/2025,26.86,28.34,26.86,27.57,76860
11/07/2025,27.195,28.07,26.71,27,37357
11/10/2025,27.03,27.86,26.76,27.06,59545
11/11/2025,27,27.76,26.88,27.32,29032
11/12/2025,27.38,28.08,27.38,27.84,20093
11/13/2025,26.7501,29.43,26.7501,27.99,26170
11/14/2025,27.67,27.89,26.3701,27.33,55069
11/17/2025,27.41,27.41,26.54,26.62,44897
11/18/2025,26.655,26.9199,26.45,26.47,31513
11/19/2025,26.06,26.74,25.92,26.2,32238
11/20/2025,26.41,26.565,25.58,25.64,34979
11/21/2025,25.9,26.68,25.8,26.57,24932
11/24/2025,27.15,27.39,26.11,26.33,31341
11/25/2025,26.6,27.109,26.38,26.94,32990
11/26/2025,26.72,27.435,26.48,27.18,21641
11/28/2025,27.25,27.82,26.77,27.1,18515
12/01/2025,27.1,27.51,26.86,27.05,24463
12/02/2025,27.34,28.02,26.84,27.26,24799
12/03/2025,27.6,29.43,27.46,28.49,71403
12/04/2025,27.95,28.7,27.95,28.38,21742
12/05/2025,28.23,29.001,27.58,27.77,29462
12/08/2025,28.14,28.5077,27.19,27.3,23382
12/09/2025,27.58,28.58,27.32,28.07,32674
12/10/2025,28.365,31.09,28.3,29.9,101613
12/11/2025,30.48,30.75,29.5318,30.51,50506
12/12/2025,30.8,32.32,30.745,32.13,52522
12/15/2025,32.51,33.955,30.88,31.22,44324
12/16/2025,31.49,32.87,30.955,31.21,54324
12/17/2025,31.1,32.1,29.66,29.93,76424
12/18/2025,30.03,30.55,29.79,29.99,25522
12/19/2025,29.49,29.79,27.5701,28.16,36643
12/22/2025,28.1,28.4906,27.65,28,41336
12/23/2025,28.55,28.5599,26.9,28.36,76754
12/24/2025,28.51,30.14,28.51,29.315,70522
12/26/2025,29.27,29.88,28.79,29.5,33411
12/29/2025,29.33,29.78,28.895,29.19,33774
12/30/2025,29.15,29.8893,29.15,29.43,29494
12/31/2025,29.57,29.71,27.8376,29.44,52470
01/02/2026,29.64,30,28.98,29.1,58490
01/05/2026,29.18,30.8766,29.18,30,42705
01/06/2026,29,30.999,29,30.66,47632
01/07/2026,30.51,30.51,30.04,30.26,24860
01/08/2026,30.12,31.73,30.12,31.43,40042
01/09/2026,31.56,31.7869,30.56,31.22,24902
01/12/2026,31.06,32.68,30.935,32.11,28185
01/13/2026,32,32.88,31.795,31.94,29439
01/14/2026,32.41,32.5,31.59,31.83,22194
01/15/2026,31.8,32.6,31.8,32.5,20249
01/16/2026,32.54,32.99,32.1475,32.48,32658
01/20/2026,31.55,32.755,31.51,32.02,46390
01/21/2026,32.3,33.39,32.185,33.085,69062
01/22/2026,33.2,34.16,32.72,33.77,32118
01/23/2026,33.36,34.38,33.15,33.41,35610
01/26/2026,33.43,33.87,32.75,33.43,39678
01/27/2026,33.02,34.287,33.02,33.9,44261
01/28/2026,33.81,33.958,31.46,31.55,42200
01/29/2026,31.5,32.775,31.31,32.75,43289
01/30/2026,32.44,33.08,31.67,32.99,43683
02/02/2026,33.18,35.94,32.585,35.53,86786
02/03/2026,35.53,36.8565,34.42,35.13,53797
02/04/2026,35.5,36.81,35.15,36.7,42198
02/05/2026,36.15,37.5,35.215,36.5,60998
02/06/2026,36.87,37.66,36.72,37.32,39664
02/09/2026,35.34,37.92,35.34,36.85,55330
02/10/2026,36.95,37.63,36.795,37.11,56903
02/11/2026,37.395,37.92,36.64,37.26,21995
02/12/2026,37.62,37.62,35.3525,35.98,25922
02/13/2026,35.98,37.355,35.525,36.86,28526
02/17/2026,37.15,37.21,36.01,36.98,24772
02/18/2026,37.04,37.48,35.94,36.57,26308
02/19/2026,36.195,37.035,35.9,36.45,29968
02/20/2026,36.55,37.685,35.83,37.55,28427
02/23/2026,37.56,37.56,36.1946,36.52,26477.518
02/24/2026,35.67,36.9,35.67,36.4,35582.992
02/25/2026,36.45,37.1,36.03,36.56,60109.023
02/26/2026,36.395,37.15,35.94,36.27,43020.59
02/27/2026,35.55,36.8399,35.5,35.93,26513.3
03/02/2026,35.2,37.48,35,37.31,110259.734
03/03/2026,36.38,36.97,35.2701,36.88,32556.014
03/04/2026,37.46,37.7,36.93,36.93,35213.336
03/05/2026,36.5,36.68,29.695,30.71,92316.414
03/06/2026,30.29,31.1549,29.1776,29.91,46598.402
03/09/2026,29.26,31.165,27.03,29.37,175483.14
03/10/2026,29.73,29.79,28.81,29.05,35961.574
03/11/2026,28.85,29.4999,28.01,28.37,26066.062
03/12/2026,28.16,28.99,27.99,28.23,37579.777
03/13/2026,28.555,28.8,28.06,28.345,30841.773
03/16/2026,28.57,29.12,28.4357,28.85,17083.867
03/17/2026,29.23,29.27,28.6301,28.77,42748.08
03/18/2026,28.65,29.485,28.31,28.61,45027.867
03/19/2026,28.5,29.89,28.4,29.33,50359.438
03/20/2026,29.32,29.4594,28.4,28.6,34199.668
03/23/2026,29.48,30.56,29.27,29.82,28830.764
03/24/2026,29.53,31.45,29.26,29.78,34196.76
03/25/2026,30.07,30.57,29.69,30.25,27531.195
03/26/2026,30.2,30.87,29.755,30.05,42754.24
03/27/2026,29.97,30.38,29.47,29.69,30376.982
